league,season,team,player,nation,pos,age,born,90s,Att,Pass Types_Live,Pass Types_Dead,Pass Types_FK,Pass Types_TB,Pass Types_Sw,Pass Types_Crs,Pass Types_TI,Pass Types_CK,Corner Kicks_In,Corner Kicks_Out,Corner Kicks_Str,Outcomes_Cmp,Outcomes_Off,Outcomes_Blocks
ENG-Premier League,2425,Arsenal,Ben White,ENG,DF,26,1997,13.3,692,583,107,20,1,7,17,83,0,0,0,0,580,2,7
ENG-Premier League,2425,Arsenal,Bukayo Saka,ENG,"FW,MF",22,2001,19.2,731,644,83,7,4,2,117,12,64,56,0,2,552,4,21
ENG-Premier League,2425,Arsenal,David Raya,ESP,GK,28,1995,38.0,1413,1172,238,91,0,3,0,0,0,0,0,0,1040,3,0
ENG-Premier League,2425,Arsenal,Declan Rice,ENG,MF,25,1999,31.4,1650,1436,208,71,5,17,164,4,108,94,3,0,1376,6,15
ENG-Premier League,2425,Arsenal,Ethan Nwaneri,ENG,"FW,MF",17,2007,9.9,425,386,36,3,3,1,54,4,27,18,0,0,342,3,14
ENG-Premier League,2425,Arsenal,Gabriel Jesus,BRA,FW,27,1997,6.8,203,197,3,0,1,0,7,3,0,0,0,0,156,3,12
ENG-Premier League,2425,Arsenal,Gabriel Magalhães,BRA,DF,26,1997,26.3,1641,1560,80,51,1,8,9,3,0,0,0,0,1480,1,8
ENG-Premier League,2425,Arsenal,Gabriel Martinelli,BRA,"FW,MF",23,2001,25.4,699,679,15,0,5,2,92,12,3,3,0,0,499,5,37
ENG-Premier League,2425,Arsenal,Jakub Kiwior,POL,DF,24,2000,12.5,736,704,31,10,3,1,2,4,0,0,0,0,673,1,1
ENG-Premier League,2425,Arsenal,Jorginho,ITA,MF,32,1991,7.8,474,466,8,7,4,1,1,0,0,0,0,0,411,0,5
ENG-Premier League,2425,Arsenal,Jurriën Timber,NED,DF,23,2001,26.9,1395,1188,204,22,2,1,28,182,0,0,0,0,1194,3,25
ENG-Premier League,2425,Arsenal,Kai Havertz,GER,"FW,MF",25,1999,20.8,519,511,6,1,1,0,11,5,0,0,0,0,407,2,11
ENG-Premier League,2425,Arsenal,Kieran Tierney,SCO,"DF,FW",27,1997,2.9,173,155,18,4,1,0,14,14,0,0,0,0,145,0,2
ENG-Premier League,2425,Arsenal,Leandro Trossard,BEL,FW,29,1994,28.3,954,917,29,5,7,5,86,7,10,9,0,0,711,8,41
ENG-Premier League,2425,Arsenal,Martin Ødegaard,NOR,MF,25,1998,25.8,1499,1373,114,35,25,3,86,12,37,31,0,0,1237,12,27
ENG-Premier League,2425,Arsenal,Mikel Merino,ESP,"MF,FW",28,1996,17.6,577,567,5,4,5,1,13,1,0,0,0,0,451,5,12
ENG-Premier League,2425,Arsenal,Myles Lewis-Skelly,ENG,DF,17,2006,15.2,776,660,111,17,3,2,10,94,0,0,0,0,708,5,2
ENG-Premier League,2425,Arsenal,Nathan Butler-Oyedeji,ENG,FW,21,2003,0.1,0,0,0,0,0,0,0,0,0,0,0,0,0,0,0
ENG-Premier League,2425,Arsenal,Oleksandr Zinchenko,UKR,"DF,MF",27,1996,5.9,451,399,49,14,2,3,13,33,1,0,0,0,382,3,3
ENG-Premier League,2425,Arsenal,Raheem Sterling,ENG,"FW,MF",29,1994,5.5,201,197,2,0,0,1,16,1,1,0,0,0,158,2,7
ENG-Premier League,2425,Arsenal,Reiss Nelson,ENG,FW,24,1999,0.0,0,0,0,0,0,0,0,0,0,0,0,0,0,0,0
ENG-Premier League,2425,Arsenal,Riccardo Calafiori,ITA,DF,22,2002,10.9,549,483,65,7,0,2,11,58,0,0,0,0,470,1,11
ENG-Premier League,2425,Arsenal,Takehiro Tomiyasu,JPN,DF,25,1998,0.1,4,4,0,0,0,0,0,0,0,0,0,0,3,0,0
ENG-Premier League,2425,Arsenal,Thomas Partey,GHA,"MF,DF",31,1993,31.1,1920,1819,95,27,6,4,12,62,0,0,0,0,1678,6,13
ENG-Premier League,2425,Arsenal,William Saliba,FRA,DF,23,2001,33.8,2559,2508,46,36,1,10,3,4,0,0,0,0,2413,5,4
ENG-Premier League,2425,Aston Villa,Amadou Onana,BEL,MF,22,2001,18.0,802,796,5,4,3,0,2,0,0,0,0,0,703,1,11
ENG-Premier League,2425,Aston Villa,Andrés García,ESP,"DF,MF",21,2003,3.5,201,176,25,0,0,0,18,25,0,0,0,0,174,0,5
ENG-Premier League,2425,Aston Villa,Axel Disasi,FRA,DF,26,1998,5.4,280,258,20,9,1,0,1,11,0,0,0,0,243,2,5
ENG-Premier League,2425,Aston Villa,Boubacar Kamara,FRA,MF,24,1999,19.2,931,904,27,25,5,0,1,0,0,0,0,0,825,0,8
ENG-Premier League,2425,Aston Villa,Diego Carlos,BRA,DF,31,1993,9.2,603,575,25,17,0,6,0,0,0,0,0,0,534,3,0
ENG-Premier League,2425,Aston Villa,Donyell Malen,NED,FW,25,1999,3.4,77,71,5,0,0,2,8,1,0,0,0,0,53,1,3
ENG-Premier League,2425,Aston Villa,Emi Buendía,ARG,"MF,FW",27,1996,1.1,60,59,1,1,1,0,0,0,0,0,0,0,49,0,0
ENG-Premier League,2425,Aston Villa,Emiliano Martínez,ARG,GK,31,1992,35.5,1387,1117,263,91,0,2,0,0,0,0,0,0,1091,7,0
ENG-Premier League,2425,Aston Villa,Ezri Konsa,ENG,DF,26,1997,32.6,1673,1538,134,84,6,0,5,34,0,0,0,0,1555,1,21
ENG-Premier League,2425,Aston Villa,Ian Maatsen,NED,DF,22,2002,12.7,747,646,101,16,1,2,51,80,5,2,0,0,609,0,25
ENG-Premier League,2425,Aston Villa,Jacob Ramsey,ENG,"FW,MF",23,2001,18.0,586,581,2,0,3,3,12,2,0,0,0,0,497,3,15
ENG-Premier League,2425,Aston Villa,Jaden Philogene Bidace,ENG,"FW,MF",22,2002,3.7,86,85,1,0,1,0,4,1,0,0,0,0,63,0,9
ENG-Premier League,2425,Aston Villa,John McGinn,SCO,"MF,FW",29,1994,24.7,854,792,61,27,9,2,60,4,22,11,5,0,699,1,17
ENG-Premier League,2425,Aston Villa,Jáder Durán,COL,FW,20,2003,7.1,163,155,7,0,2,0,3,0,0,0,0,0,115,1,4
ENG-Premier League,2425,Aston Villa,Kosta Nedeljković,SRB,DF,18,2005,1.4,53,41,12,1,0,0,1,11,0,0,0,0,47,0,0
ENG-Premier League,2425,Aston Villa,Lamare Bogarde,NED,"DF,MF",20,2004,5.3,272,239,31,14,0,0,0,17,0,0,0,0,240,2,1
ENG-Premier League,2425,Aston Villa,Leon Bailey,JAM,"FW,MF",26,1997,12.7,390,369,18,0,5,1,34,1,17,9,0,0,277,3,24
ENG-Premier League,2425,Aston Villa,Lucas Digne,FRA,DF,31,1993,26.1,1277,1017,258,44,2,4,140,155,57,37,10,0,956,2,41
ENG-Premier League,2425,Aston Villa,Marco Asensio,ESP,MF,28,1996,8.3,313,271,39,14,2,1,38,0,23,11,1,0,242,3,8
ENG-Premier League,2425,Aston Villa,Marcus Rashford,ENG,FW,26,1997,4.9,164,134,29,5,3,1,28,1,21,15,0,0,117,1,9
ENG-Premier League,2425,Aston Villa,Matty Cash,POL,DF,26,1997,23.0,945,781,162,23,0,1,40,139,0,0,0,0,732,2,21
ENG-Premier League,2425,Aston Villa,Morgan Rogers,ENG,"FW,MF",22,2002,34.6,907,853,47,2,22,6,27,9,0,0,0,0,664,7,45
ENG-Premier League,2425,Aston Villa,Ollie Watkins,ENG,FW,28,1995,28.9,424,415,6,0,1,1,7,0,0,0,0,0,307,3,17
ENG-Premier League,2425,Aston Villa,Pau Torres,ESP,DF,27,1997,22.4,1369,1248,117,67,4,12,3,3,0,0,0,0,1217,4,4
ENG-Premier League,2425,Aston Villa,Robin Olsen,SWE,GK,34,1990,2.5,101,65,36,10,0,0,0,0,0,0,0,0,65,0,0
ENG-Premier League,2425,Aston Villa,Ross Barkley,ENG,MF,30,1993,6.5,395,381,13,11,0,3,1,1,0,0,0,0,337,1,9
ENG-Premier League,2425,Aston Villa,Tyrone Mings,ENG,DF,31,1993,12.4,676,630,46,20,0,3,1,0,0,0,0,0,596,0,7
ENG-Premier League,2425,Aston Villa,Youri Tielemans,BEL,MF,27,1997,33.6,2061,1847,207,98,24,8,119,2,85,63,8,1,1694,7,37
ENG-Premier League,2425,Bournemouth,Adam Smith,ENG,DF,33,1991,17.7,679,550,128,9,1,2,33,119,0,0,0,0,514,1,15
ENG-Premier League,2425,Bournemouth,Alex Scott,ENG,MF,20,2003,8.4,342,317,23,10,2,4,7,1,5,3,0,0,286,2,6
ENG-Premier League,2425,Bournemouth,Antoine Semenyo,GHA,FW,24,2000,35.6,1119,1049,60,4,9,6,59,53,3,0,1,0,821,10,40
ENG-Premier League,2425,Bournemouth,Ben Winterburn,ENG,"MF,FW",19,2004,0.3,7,7,0,0,0,0,0,0,0,0,0,0,5,0,0
ENG-Premier League,2425,Bournemouth,Dango Ouattara,BFA,FW,22,2002,22.3,612,579,30,0,5,5,88,26,3,1,0,0,367,3,22
ENG-Premier League,2425,Bournemouth,Daniel Jebbison,CAN,FW,20,2003,1.3,42,42,0,0,0,0,3,0,0,0,0,0,33,0,1
ENG-Premier League,2425,Bournemouth,David Brooks,WAL,"FW,MF",27,1997,10.7,411,366,44,14,3,0,52,10,17,7,4,0,310,1,14
ENG-Premier League,2425,Bournemouth,Dean Huijsen,ESP,DF,19,2005,27.0,1625,1566,53,32,2,15,12,6,0,0,0,0,1355,6,12
ENG-Premier League,2425,Bournemouth,Enes Ünal,TUR,"FW,MF",27,1997,3.8,99,96,2,1,1,1,4,0,0,0,0,0,63,1,6
ENG-Premier League,2425,Bournemouth,Evanilson,BRA,FW,24,1999,25.8,342,337,4,1,4,4,0,0,0,0,0,0,244,1,11
ENG-Premier League,2425,Bournemouth,Illia Zabarnyi,UKR,DF,21,2002,34.5,1710,1677,31,27,6,7,6,1,0,0,0,0,1404,2,10
ENG-Premier League,2425,Bournemouth,James Hill,ENG,DF,22,2002,5.0,245,212,33,3,0,0,10,30,0,0,0,0,159,0,5
ENG-Premier League,2425,Bournemouth,Julian Araujo,MEX,DF,22,2001,5.5,225,198,27,2,0,0,9,25,0,0,0,0,178,0,2
ENG-Premier League,2425,Bournemouth,Julio Soler,ARG,"DF,FW",19,2005,0.1,14,14,0,0,0,0,1,0,0,0,0,0,11,0,1
ENG-Premier League,2425,Bournemouth,Justin Kluivert,NED,MF,25,1999,26.0,782,683,92,8,5,6,85,10,35,30,0,0,582,7,18
ENG-Premier League,2425,Bournemouth,Kepa Arrizabalaga,ESP,GK,29,1994,31.0,1027,728,295,103,0,0,0,0,0,0,0,0,752,4,2
ENG-Premier League,2425,Bournemouth,Lewis Cook,ENG,"MF,DF",27,1997,33.1,1585,1358,225,71,3,2,132,73,77,65,3,0,1224,2,26
ENG-Premier League,2425,Bournemouth,Luis Sinisterra,COL,"FW,MF",25,1999,2.6,93,92,0,0,0,1,7,0,0,0,0,0,73,1,4
ENG-Premier League,2425,Bournemouth,Marcos Senesi,ARG,DF,27,1997,12.3,735,699,31,23,0,2,11,6,0,0,0,0,561,5,1
ENG-Premier League,2425,Bournemouth,Marcus Tavernier,ENG,"FW,MF",25,1999,21.5,934,804,125,34,5,9,108,29,49,36,4,1,689,5,26
ENG-Premier League,2425,Bournemouth,Mark Travers,IRL,GK,25,1999,5.0,142,95,47,8,0,0,0,0,0,0,0,0,100,0,0
ENG-Premier League,2425,Bournemouth,Max Aarons,ENG,DF,24,2000,1.0,63,51,12,2,0,0,2,10,0,0,0,0,50,0,1
ENG-Premier League,2425,Bournemouth,Milos Kerkez,HUN,DF,20,2003,37.1,1776,1466,305,18,2,3,142,279,7,5,1,0,1346,5,55
ENG-Premier League,2425,Bournemouth,Neto,BRA,GK,35,1989,2.0,62,42,19,4,0,0,0,0,0,0,0,0,40,1,0
ENG-Premier League,2425,Bournemouth,Philip Billing,DEN,MF,28,1996,2.0,102,91,10,1,1,1,10,1,6,2,2,1,70,1,2
ENG-Premier League,2425,Bournemouth,Remy Rees-Dottin,ENG,FW,18,2006,0.0,0,0,0,0,0,0,0,0,0,0,0,0,0,0,0
ENG-Premier League,2425,Bournemouth,Ryan Christie,SCO,MF,29,1995,23.5,1056,990,60,21,8,9,48,3,26,17,3,2,837,6,19
ENG-Premier League,2425,Bournemouth,Tyler Adams,USA,MF,25,1999,21.8,1069,1025,38,34,2,1,3,4,0,0,0,0,902,6,14
ENG-Premier League,2425,Bournemouth,Zain Silcott-Duberry,MSR,FW,19,2005,0.0,2,2,0,0,0,0,0,0,0,0,0,0,1,0,1
ENG-Premier League,2425,Brentford,Ben Mee,ENG,DF,34,1989,2.0,120,108,12,5,0,1,0,4,0,0,0,0,93,0,1
ENG-Premier League,2425,Brentford,Bryan Mbeumo,CMR,FW,24,1999,37.9,1319,1162,149,40,13,9,202,17,87,70,2,0,872,8,50
ENG-Premier League,2425,Brentford,Christian Nørgaard,DEN,MF,30,1994,31.3,1427,1391,30,19,4,5,17,10,0,0,0,0,1164,6,25
ENG-Premier League,2425,Brentford,Edmond-Paris Maghoma,ENG,"MF,FW",23,2001,1.3,84,83,1,1,0,0,3,0,0,0,0,0,76,0,2
ENG-Premier League,2425,Brentford,Ethan Pinnock,JAM,DF,31,1993,21.3,1080,954,126,15,0,0,9,39,0,0,0,0,924,0,8
ENG-Premier League,2425,Brentford,Fabio Carvalho,POR,"FW,MF",21,2002,5.1,178,163,14,4,2,0,10,1,7,3,0,0,126,1,7
ENG-Premier League,2425,Brentford,Frank Onyeka,NGA,MF,26,1998,0.3,7,7,0,0,0,0,0,0,0,0,0,0,6,0,0
ENG-Premier League,2425,Brentford,Gustavo Nunes,BRA,"FW,MF",18,2005,0.1,1,1,0,0,0,0,0,0,0,0,0,0,1,0,0
ENG-Premier League,2425,Brentford,Hákon Rafn Valdimarsson,ISL,GK,22,2001,1.6,70,50,20,4,0,0,0,0,0,0,0,0,46,0,0
ENG-Premier League,2425,Brentford,Jayden Meghoma,ENG,DF,18,2006,0.1,3,3,0,0,0,0,0,0,0,0,0,0,3,0,0
ENG-Premier League,2425,Brentford,Keane Lewis-Potter,ENG,"DF,FW",23,2001,34.4,1273,1112,153,8,5,9,78,139,5,2,0,0,982,8,29
ENG-Premier League,2425,Brentford,Kevin Schade,GER,FW,22,2001,25.5,541,483,57,0,1,4,38,54,0,0,0,0,323,1,20
ENG-Premier League,2425,Brentford,Kim Jisoo,KOR,DF,19,2004,0.3,28,27,1,1,0,0,0,0,0,0,0,0,25,0,0
ENG-Premier League,2425,Brentford,Kristoffer Ajer,NOR,DF,26,1998,16.0,644,570,73,2,0,3,14,71,0,0,0,0,504,1,18
ENG-Premier League,2425,Brentford,Mads Roerslev,DEN,DF,25,1999,12.2,536,471,63,2,0,1,31,61,0,0,0,0,422,2,11
ENG-Premier League,2425,Brentford,Mark Flekken,NED,GK,31,1993,36.4,1717,1367,343,131,0,5,0,0,0,0,0,0,1254,7,0
ENG-Premier League,2425,Brentford,Mathias Jensen,DEN,MF,28,1996,9.6,486,404,78,15,2,5,33,44,14,11,0,0,363,4,7
ENG-Premier League,2425,Brentford,Michael Kayode,ITA,DF,20,2004,5.9,241,183,58,0,0,0,10,58,0,0,0,0,184,0,3
ENG-Premier League,2425,Brentford,Mikkel Damsgaard,DEN,"MF,FW",24,2000,32.3,1529,1368,153,33,27,5,144,9,60,53,0,0,1107,8,36
ENG-Premier League,2425,Brentford,Nathan Collins,IRL,DF,23,2001,38.0,1985,1897,83,69,3,6,8,11,0,0,0,0,1705,5,8
ENG-Premier League,2425,Brentford,Rico Henry,ENG,DF,27,1997,1.1,49,39,10,0,0,0,2,10,0,0,0,0,33,0,3
ENG-Premier League,2425,Brentford,Ryan Trevitt,ENG,MF,21,2003,0.0,7,6,0,0,0,0,0,0,0,0,0,0,4,1,1
ENG-Premier League,2425,Brentford,Sepp van den Berg,NED,DF,22,2001,28.7,1278,1177,100,18,0,2,7,61,0,0,0,0,1092,1,7
ENG-Premier League,2425,Brentford,Thiago,BRA,"FW,MF",23,2001,1.9,56,55,1,0,0,0,2,0,0,0,0,0,40,0,0
ENG-Premier League,2425,Brentford,Vitaly Janelt,GER,MF,26,1998,25.0,1057,1033,18,12,3,6,30,6,0,0,0,0,872,6,16
ENG-Premier League,2425,Brentford,Yehor Yarmoliuk,UKR,MF,20,2004,16.1,760,752,7,3,4,9,16,4,0,0,0,0,661,1,12
ENG-Premier League,2425,Brentford,Yoane Wissa,COD,FW,27,1996,32.4,588,552,33,4,5,1,20,2,1,0,0,0,450,3,23
ENG-Premier League,2425,Brentford,Yunus Emre Konak,TUR,"FW,MF",18,2006,0.5,36,35,1,0,0,0,0,1,0,0,0,0,26,0,1
ENG-Premier League,2425,Brighton,Adam Webster,ENG,DF,29,1995,9.9,725,650,73,30,0,3,2,0,0,0,0,0,636,2,5
ENG-Premier League,2425,Brighton,Bart Verbruggen,NED,GK,21,2002,36.0,1315,1164,145,62,0,0,0,0,0,0,0,0,1011,6,2
ENG-Premier League,2425,Brighton,Billy Gilmour,SCO,MF,23,2001,1.1,67,65,2,1,1,2,1,0,1,1,0,0,58,0,0
ENG-Premier League,2425,Brighton,Brajan Gruda,GER,"MF,FW",20,2004,7.6,251,211,40,7,2,2,29,10,17,8,7,1,187,0,3
ENG-Premier League,2425,Brighton,Carlos Baleba,CMR,MF,20,2004,29.6,1314,1289,23,10,7,3,9,3,0,0,0,0,1149,2,14
ENG-Premier League,2425,Brighton,Danny Welbeck,ENG,FW,33,1990,23.5,491,472,18,2,0,0,3,2,0,0,0,0,417,1,13
ENG-Premier League,2425,Brighton,Diego Gómez,PAR,MF,21,2003,5.7,302,283,19,2,4,2,12,1,6,2,3,0,243,0,9
ENG-Premier League,2425,Brighton,Eiran Cashin,IRL,DF,22,2001,0.2,28,28,0,0,0,0,1,0,0,0,0,0,23,0,0
ENG-Premier League,2425,Brighton,Evan Ferguson,IRL,FW,19,2004,2.7,58,52,5,0,0,0,0,0,0,0,0,0,43,1,1
ENG-Premier League,2425,Brighton,Ferdi Kadioglu,TUR,"DF,MF",24,1999,4.3,175,157,17,2,1,0,9,15,0,0,0,0,144,1,1
ENG-Premier League,2425,Brighton,Georginio Rutter,FRA,"MF,FW",22,2002,18.4,355,344,9,0,12,0,9,0,0,0,0,0,237,2,14
ENG-Premier League,2425,Brighton,Harry Howell,ENG,FW,15,2008,0.1,9,9,0,0,0,0,0,0,0,0,0,0,8,0,0
ENG-Premier League,2425,Brighton,Igor,BRA,DF,26,1998,10.7,730,680,48,12,3,4,4,11,0,0,0,0,671,2,5
ENG-Premier League,2425,Brighton,Jack Hinshelwood,ENG,"MF,DF",19,2005,20.5,1046,927,118,27,0,8,27,75,8,4,1,1,870,1,11
ENG-Premier League,2425,Brighton,Jakub Moder,POL,MF,25,1999,0.1,22,22,0,0,0,0,1,0,0,0,0,0,18,0,0
ENG-Premier League,2425,Brighton,James Milner,ENG,MF,38,1986,1.9,74,63,11,4,2,0,8,0,6,2,3,0,55,0,1
ENG-Premier League,2425,Brighton,Jan Paul van Hecke,NED,DF,24,2000,32.9,2286,2146,138,104,4,19,11,8,0,0,0,0,2016,2,7
ENG-Premier League,2425,Brighton,Jason Steele,ENG,GK,33,1990,2.0,112,104,8,6,0,0,0,0,0,0,0,0,101,0,0
ENG-Premier League,2425,Brighton,Jeremy Sarmiento,ECU,MF,22,2002,0.1,6,6,0,0,0,0,0,0,0,0,0,0,6,0,0
ENG-Premier League,2425,Brighton,João Pedro,BRA,"FW,MF",22,2001,21.6,661,631,26,5,10,3,22,9,4,0,0,0,482,4,20
ENG-Premier League,2425,Brighton,Joël Veltman,NED,DF,32,1992,18.9,929,756,170,42,2,3,24,128,0,0,0,0,745,3,21
ENG-Premier League,2425,Brighton,Julio Enciso,PAR,"MF,FW",20,2004,3.3,150,134,16,4,0,1,20,0,12,6,3,0,99,0,5
ENG-Premier League,2425,Brighton,Kaoru Mitoma,JPN,"FW,MF",27,1997,28.9,988,965,19,0,9,1,75,19,0,0,0,0,749,4,39
ENG-Premier League,2425,Brighton,Lewis Dunk,ENG,DF,32,1991,23.1,1953,1818,131,67,2,10,5,10,0,0,0,0,1778,4,7
ENG-Premier League,2425,Brighton,Mats Wieffer,NED,"DF,MF",24,1999,11.3,698,647,49,13,0,1,13,36,0,0,0,0,594,2,14
ENG-Premier League,2425,Brighton,Matt O'Riley,DEN,MF,23,2000,10.4,413,345,67,13,2,2,51,1,36,23,8,0,316,1,15
ENG-Premier League,2425,Brighton,Pervis Estupiñán,ECU,DF,26,1998,26.7,1610,1370,237,20,0,5,119,180,37,23,9,3,1338,3,28
ENG-Premier League,2425,Brighton,Simon Adingra,CIV,"FW,MF",22,2002,12.2,382,372,9,0,2,0,41,8,1,0,0,0,290,1,12
ENG-Premier League,2425,Brighton,Solly March,ENG,"FW,MF",30,1994,1.9,95,81,14,1,0,1,20,6,6,3,2,1,60,0,7
ENG-Premier League,2425,Brighton,Tariq Lamptey,GHA,DF,23,2000,9.6,413,346,66,5,0,1,28,60,1,1,0,0,335,1,6
ENG-Premier League,2425,Brighton,Yankuba Minteh,GAM,"FW,MF",20,2004,20.4,557,510,45,9,4,4,91,20,16,7,6,0,348,2,36
ENG-Premier League,2425,Brighton,Yasin Ayari,SWE,MF,20,2003,21.8,973,880,92,34,10,1,69,3,37,27,6,1,793,1,14
ENG-Premier League,2425,Chelsea,Axel Disasi,FRA,DF,26,1998,4.0,293,266,27,10,0,1,0,17,0,0,0,0,266,0,2
ENG-Premier League,2425,Chelsea,Benoît Badiashile,FRA,DF,23,2001,3.7,304,288,15,5,0,1,0,0,0,0,0,0,273,1,0
ENG-Premier League,2425,Chelsea,Christopher Nkunku,FRA,FW,26,1997,10.2,334,327,7,1,2,1,4,0,2,0,0,0,299,0,3
ENG-Premier League,2425,Chelsea,Cole Palmer,ENG,"MF,FW",22,2002,35.5,1480,1273,198,45,22,14,144,17,75,49,5,0,1140,9,48
ENG-Premier League,2425,Chelsea,Enzo Fernández,ARG,MF,23,2001,32.7,1900,1757,134,53,14,26,109,4,74,44,12,1,1518,9,46
ENG-Premier League,2425,Chelsea,Filip Jørgensen,DEN,GK,22,2002,6.0,189,169,20,2,0,0,0,0,0,0,0,0,158,0,0
ENG-Premier League,2425,Chelsea,Jadon Sancho,ENG,FW,24,2000,19.6,803,791,11,1,7,1,25,9,1,1,0,0,663,1,24
ENG-Premier League,2425,Chelsea,Joshua Acheampong,ENG,DF,18,2006,1.9,124,121,3,2,0,0,0,1,0,0,0,0,104,0,2
ENG-Premier League,2425,Chelsea,João Félix,POR,"FW,MF",24,1999,4.1,199,193,5,2,2,1,0,3,0,0,0,0,171,1,5
ENG-Premier League,2425,Chelsea,Kiernan Dewsbury-Hall,ENG,"MF,FW",25,1998,2.9,152,147,4,1,0,1,2,0,2,0,0,1,127,1,2
ENG-Premier League,2425,Chelsea,Levi Colwill,ENG,DF,21,2003,35.0,2619,2418,197,91,3,7,13,7,0,0,0,0,2338,4,21
ENG-Premier League,2425,Chelsea,Malo Gusto,FRA,DF,21,2003,20.7,1385,1230,153,37,2,3,53,116,0,0,0,0,1198,2,26
ENG-Premier League,2425,Chelsea,Marc Cucurella,ESP,DF,26,1998,33.2,1916,1634,275,28,2,1,31,245,2,0,0,0,1680,7,23
ENG-Premier League,2425,Chelsea,Marc Guiu,ESP,FW,18,2006,0.8,16,14,2,0,0,0,0,0,0,0,0,0,11,0,0
ENG-Premier League,2425,Chelsea,Mathis Amougou,FRA,MF,18,2006,0.1,7,7,0,0,0,0,0,0,0,0,0,0,7,0,0
ENG-Premier League,2425,Chelsea,Moisés Caicedo,ECU,"MF,DF",22,2001,37.2,2194,2116,74,47,12,13,10,27,0,0,0,0,1967,4,20
ENG-Premier League,2425,Chelsea,Mykhailo Mudryk,UKR,FW,23,2001,1.7,42,40,2,0,1,0,7,0,2,0,0,0,28,0,1
ENG-Premier League,2425,Chelsea,Nicolas Jackson,SEN,FW,23,2001,24.7,399,385,12,1,1,0,3,4,0,0,0,0,303,2,15
ENG-Premier League,2425,Chelsea,Noni Madueke,ENG,FW,22,2002,22.6,685,660,20,1,1,4,63,18,1,0,0,0,530,5,15
ENG-Premier League,2425,Chelsea,Pedro Neto,POR,FW,24,2000,25.2,895,807,86,14,0,5,149,13,56,16,15,5,702,2,26
ENG-Premier League,2425,Chelsea,Reece James,ENG,"DF,MF",24,1999,11.8,854,731,119,36,4,2,43,64,19,11,5,1,717,4,10
ENG-Premier League,2425,Chelsea,Renato Veiga,POR,"DF,MF",21,2003,2.0,139,127,12,5,0,0,0,7,0,0,0,0,118,0,1
ENG-Premier League,2425,Chelsea,Robert Sánchez,ESP,GK,26,1997,32.0,1249,1086,156,74,0,6,0,0,0,0,0,0,871,7,1
ENG-Premier League,2425,Chelsea,Roméo Lavia,BEL,MF,20,2004,8.9,424,419,3,3,3,3,0,0,0,0,0,0,389,2,1
ENG-Premier League,2425,Chelsea,Shumaira Mheuka,ENG,MF,16,2007,0.0,0,0,0,0,0,0,0,0,0,0,0,0,0,0,0
ENG-Premier League,2425,Chelsea,Tosin Adarabioyo,ENG,DF,26,1997,15.7,1184,1142,39,23,2,3,0,4,0,0,0,0,1079,3,3
ENG-Premier League,2425,Chelsea,Trevoh Chalobah,ENG,DF,25,1999,10.1,677,654,23,11,1,2,3,10,0,0,0,0,609,0,3
ENG-Premier League,2425,Chelsea,Tyrique George,ENG,FW,18,2006,2.0,54,53,1,0,0,0,3,1,0,0,0,0,43,0,2
ENG-Premier League,2425,Chelsea,Wesley Fofana,FRA,DF,23,2000,13.0,803,758,44,23,0,0,1,20,0,0,0,0,724,1,4
ENG-Premier League,2425,Crystal Palace,Adam Wharton,ENG,MF,20,2004,14.6,725,678,40,14,5,1,39,0,26,19,1,0,548,7,12
ENG-Premier League,2425,Crystal Palace,Asher Agbinone,ENG,MF,18,2005,0.1,3,3,0,0,0,0,1,0,0,0,0,0,2,0,0
ENG-Premier League,2425,Crystal Palace,Ben Chilwell,ENG,DF,27,1996,2.9,125,95,30,6,1,0,7,24,0,0,0,0,92,0,4
ENG-Premier League,2425,Crystal Palace,Caleb Kporha,ENG,DF,18,2006,0.1,7,6,1,0,0,0,2,1,0,0,0,0,5,0,0
ENG-Premier League,2425,Crystal Palace,Chadi Riad,MAR,DF,21,2003,1.0,82,82,0,0,0,1,0,0,0,0,0,0,70,0,2
ENG-Premier League,2425,Crystal Palace,Cheick Doucouré,MLI,MF,24,2000,5.0,204,201,3,3,0,0,1,0,0,0,0,0,174,0,4
ENG-Premier League,2425,Crystal Palace,Chris Richards,USA,DF,24,2000,21.4,857,818,37,18,2,5,5,17,0,0,0,0,684,2,13
ENG-Premier League,2425,Crystal Palace,Daichi Kamada,JPN,MF,27,1996,17.4,752,720,31,11,4,5,31,2,16,11,1,0,603,1,18
ENG-Premier League,2425,Crystal Palace,Daniel Muñoz,COL,DF,28,1996,35.9,1492,1182,304,27,2,2,74,275,2,0,0,0,1129,6,39
ENG-Premier League,2425,Crystal Palace,Dean Henderson,ENG,GK,27,1997,38.0,1216,842,373,100,0,0,0,0,0,0,0,0,745,1,1
ENG-Premier League,2425,Crystal Palace,Eberechi Eze,ENG,"MF,FW",26,1998,28.8,1047,849,180,70,11,6,112,3,62,39,10,0,777,18,17
ENG-Premier League,2425,Crystal Palace,Eddie Nketiah,ENG,"FW,MF",25,1999,11.5,241,229,12,0,2,0,5,1,0,0,0,0,179,0,12
ENG-Premier League,2425,Crystal Palace,Ismaila Sarr,SEN,MF,26,1998,30.1,742,735,2,0,13,1,55,2,0,0,0,0,490,5,26
ENG-Premier League,2425,Crystal Palace,Jean-Philippe Mateta,FRA,FW,27,1997,29.4,447,438,8,0,7,0,26,0,0,0,0,0,291,1,17
ENG-Premier League,2425,Crystal Palace,Jefferson Lerma,COL,"MF,DF",29,1994,25.3,1121,1052,61,13,9,8,12,46,0,0,0,0,844,8,22
ENG-Premier League,2425,Crystal Palace,Jeffrey Schlupp,GHA,"MF,DF",31,1992,1.1,50,47,3,0,0,0,4,3,0,0,0,0,39,0,0
ENG-Premier League,2425,Crystal Palace,Joachim Andersen,DEN,DF,28,1996,1.0,83,81,2,1,0,0,1,0,1,0,0,0,61,0,0
ENG-Premier League,2425,Crystal Palace,Joel Ward,ENG,DF,34,1989,0.8,24,24,0,0,0,0,0,0,0,0,0,0,14,0,1
ENG-Premier League,2425,Crystal Palace,Jordan Ayew,GHA,"FW,MF",32,1991,0.2,10,8,2,0,0,1,1,0,1,1,0,0,8,0,0
ENG-Premier League,2425,Crystal Palace,Justin Devenny,NIR,MF,20,2003,5.6,205,184,19,7,1,1,17,0,9,4,4,0,148,2,2
ENG-Premier League,2425,Crystal Palace,Marc Guéhi,ENG,DF,24,2000,34.0,1765,1664,95,76,7,14,13,6,0,0,0,0,1473,6,9
ENG-Premier League,2425,Crystal Palace,Matheus França,BRA,"MF,FW",20,2004,0.6,17,14,1,0,0,0,1,0,0,0,0,0,10,2,1
ENG-Premier League,2425,Crystal Palace,Maxence Lacroix,FRA,DF,24,2000,34.6,1477,1433,44,40,3,7,7,2,0,0,0,0,1207,0,12
ENG-Premier League,2425,Crystal Palace,Nathaniel Clyne,ENG,"DF,MF",33,1991,5.4,225,207,16,1,1,1,7,13,0,0,0,0,171,2,8
ENG-Premier League,2425,Crystal Palace,Odsonne Édouard,FRA,"MF,FW",26,1998,1.3,28,28,0,0,0,0,1,0,0,0,0,0,17,0,2
ENG-Premier League,2425,Crystal Palace,Romain Esse,ENG,MF,19,2005,1.5,42,42,0,0,1,0,0,0,0,0,0,0,32,0,1
ENG-Premier League,2425,Crystal Palace,Trevoh Chalobah,ENG,DF,25,1999,11.8,442,426,16,11,1,2,7,5,0,0,0,0,349,0,7
ENG-Premier League,2425,Crystal Palace,Tyrick Mitchell,ENG,DF,24,1999,34.4,1355,1122,228,8,0,2,105,220,0,0,0,0,976,5,61
ENG-Premier League,2425,Crystal Palace,Will Hughes,ENG,MF,29,1995,23.4,970,856,106,34,1,2,71,1,54,41,2,0,737,8,11
ENG-Premier League,2425,Everton,Abdoulaye Doucouré,MLI,MF,31,1993,28.5,903,884,14,5,0,2,23,0,0,0,0,0,725,5,27
ENG-Premier League,2425,Everton,Armando Broja,ALB,FW,22,2001,3.7,73,72,0,0,0,0,1,0,0,0,0,0,53,1,1
ENG-Premier League,2425,Everton,Ashley Young,ENG,DF,39,1985,20.8,999,770,222,25,3,4,75,180,15,8,6,0,708,7,20
ENG-Premier League,2425,Everton,Beto,GNB,FW,26,1998,17.0,268,264,4,0,1,2,4,0,1,0,0,0,156,0,13
ENG-Premier League,2425,Everton,Carlos Alcaraz,ARG,"FW,MF",21,2002,8.5,278,265,12,2,1,2,11,6,3,2,1,0,224,1,10
ENG-Premier League,2425,Everton,Dominic Calvert-Lewin,ENG,FW,27,1997,17.9,289,287,2,0,0,1,6,1,0,0,0,0,181,0,12
ENG-Premier League,2425,Everton,Dwight McNeil,ENG,"MF,FW",24,1999,15.2,619,516,99,32,8,5,105,5,45,32,5,4,461,4,16
ENG-Premier League,2425,Everton,Harrison Armstrong,ENG,MF,17,2007,0.5,15,13,1,0,0,0,1,0,0,0,0,0,7,1,0
ENG-Premier League,2425,Everton,Idrissa Gana Gueye,SEN,MF,34,1989,34.0,1422,1388,27,7,2,7,7,7,0,0,0,0,1230,7,22
ENG-Premier League,2425,Everton,Iliman Ndiaye,SEN,FW,24,2000,27.0,736,709,25,5,2,2,38,5,10,4,0,2,602,2,22
ENG-Premier League,2425,Everton,Jack Harrison,ENG,FW,27,1996,23.1,659,588,64,23,4,2,131,8,32,27,0,1,414,7,33
ENG-Premier League,2425,Everton,Jake O'Brien,IRL,DF,23,2001,17.5,725,602,121,5,0,1,18,100,0,0,0,0,577,2,12
ENG-Premier League,2425,Everton,James Garner,ENG,"MF,DF",23,2001,17.7,803,687,110,17,2,2,57,42,23,16,4,2,611,6,23
ENG-Premier League,2425,Everton,James Tarkowski,ENG,DF,31,1992,32.5,1290,1204,77,46,2,13,1,3,0,0,0,0,1045,9,12
ENG-Premier League,2425,Everton,Jarrad Branthwaite,ENG,DF,22,2002,27.9,1198,1141,51,38,1,17,5,3,0,0,0,0,984,6,7
ENG-Premier League,2425,Everton,Jesper Lindstrøm,DEN,FW,24,2000,13.8,428,383,42,11,1,0,71,6,25,12,8,2,297,3,18
ENG-Premier League,2425,Everton,Jordan Pickford,ENG,GK,30,1994,38.0,1595,1167,419,188,0,7,0,0,0,0,0,0,1057,9,0
ENG-Premier League,2425,Everton,Mason Holgate,JAM,"FW,DF",27,1996,0.1,2,0,2,0,0,0,0,2,0,0,0,0,2,0,0
ENG-Premier League,2425,Everton,Michael Keane,ENG,DF,31,1993,11.7,377,365,8,4,0,12,1,0,0,0,0,0,312,4,7
ENG-Premier League,2425,Everton,Nathan Patterson,SCO,DF,22,2001,3.9,176,134,42,0,1,0,14,42,0,0,0,0,130,0,0
ENG-Premier League,2425,Everton,Orel Mangala,BEL,MF,26,1998,14.0,490,485,4,3,0,1,6,0,0,0,0,0,437,1,10
ENG-Premier League,2425,Everton,Roman Dixon,ENG,DF,19,2004,1.0,19,16,3,0,0,0,0,3,0,0,0,0,11,0,0
ENG-Premier League,2425,Everton,Séamus Coleman,IRL,DF,35,1988,2.4,98,78,19,0,0,0,4,19,0,0,0,0,74,1,2
ENG-Premier League,2425,Everton,Tim Iroegbunam,ENG,MF,21,2003,6.4,158,156,0,0,0,0,1,0,0,0,0,0,115,2,5
ENG-Premier League,2425,Everton,Vitaliy Mykolenko,UKR,DF,25,1999,34.2,1322,1060,259,13,2,3,101,246,0,0,0,0,986,3,23
ENG-Premier League,2425,Everton,Youssef Chermiti,POR,"FW,MF",20,2004,0.5,11,11,0,0,0,0,1,0,0,0,0,0,6,0,0
ENG-Premier League,2425,Fulham,Adama Traoré,ESP,"FW,MF",28,1996,19.7,587,584,1,0,6,2,100,1,0,0,0,0,424,2,19
ENG-Premier League,2425,Fulham,Alex Iwobi,NGA,"FW,MF",28,1996,33.1,1532,1487,39,7,15,21,126,24,2,0,1,0,1150,6,52
ENG-Premier League,2425,Fulham,Andreas Pereira,BRA,MF,28,1996,22.4,970,761,205,50,5,8,171,9,109,53,47,0,670,4,26
ENG-Premier League,2425,Fulham,Antonee Robinson,USA,DF,26,1997,35.2,2076,1781,289,17,1,5,170,272,0,0,0,0,1595,6,47
ENG-Premier League,2425,Fulham,Bernd Leno,GER,GK,32,1992,38.0,1404,1160,243,71,0,0,0,0,0,0,0,0,1149,1,1
ENG-Premier League,2425,Fulham,Calvin Bassey,NGA,DF,24,1999,34.2,2155,2025,128,48,0,10,8,8,0,0,0,0,1934,2,17
ENG-Premier League,2425,Fulham,Carlos Vinícius,BRA,"MF,FW",29,1995,0.2,3,3,0,0,0,0,0,0,0,0,0,0,1,0,1
ENG-Premier League,2425,Fulham,Emile Smith Rowe,ENG,MF,24,2000,22.7,1023,985,35,6,2,2,16,3,1,0,0,0,922,3,18
ENG-Premier League,2425,Fulham,Harrison Reed,ENG,MF,29,1995,1.2,55,46,8,5,0,0,6,0,1,0,1,0,39,1,3
ENG-Premier League,2425,Fulham,Harry Wilson,WAL,"FW,MF",27,1997,12.9,445,393,51,16,1,5,41,4,27,14,6,1,326,1,6
ENG-Premier League,2425,Fulham,Issa Diop,FRA,DF,27,1997,14.9,758,733,25,21,0,1,1,2,0,0,0,0,663,0,2
ENG-Premier League,2425,Fulham,Jay Stansfield,ENG,MF,21,2002,0.0,0,0,0,0,0,0,0,0,0,0,0,0,0,0,0
ENG-Premier League,2425,Fulham,Joachim Andersen,DEN,DF,28,1996,28.7,2000,1891,102,81,0,35,12,9,0,0,0,0,1654,7,8
ENG-Premier League,2425,Fulham,Jorge Cuenca,ESP,DF,24,1999,3.9,173,160,13,4,0,0,1,2,0,0,0,0,145,0,0
ENG-Premier League,2425,Fulham,Joshua King,ENG,MF,17,2007,1.4,64,63,1,0,0,1,2,0,0,0,0,0,54,0,3
ENG-Premier League,2425,Fulham,Kenny Tete,NED,DF,28,1995,19.7,956,799,153,6,1,2,38,147,0,0,0,0,772,4,23
ENG-Premier League,2425,Fulham,Martial Godo,ENG,"FW,DF",21,2003,0.3,17,15,2,0,0,0,1,2,0,0,0,0,12,0,2
ENG-Premier League,2425,Fulham,Raúl Jiménez,MEX,FW,33,1991,27.7,643,635,7,3,3,5,23,4,0,0,0,0,458,1,28
ENG-Premier League,2425,Fulham,Reiss Nelson,ENG,FW,24,1999,5.4,268,261,6,0,2,2,23,1,5,3,1,0,232,1,2
ENG-Premier League,2425,Fulham,Rodrigo Muniz,BRA,FW,23,2001,10.7,142,135,6,1,3,2,1,0,0,0,0,0,92,1,4
ENG-Premier League,2425,Fulham,Ryan Sessegnon,ENG,"FW,DF",24,2000,6.4,241,226,15,0,0,0,16,13,1,0,0,0,189,0,9
ENG-Premier League,2425,Fulham,Sander Berge,NOR,MF,26,1998,24.7,1193,1152,41,40,3,7,3,1,0,0,0,0,1091,0,8
ENG-Premier League,2425,Fulham,Saša Lukić,SRB,MF,27,1996,26.0,1260,1171,87,38,1,4,62,1,42,12,24,0,1100,2,23
ENG-Premier League,2425,Fulham,Timothy Castagne,BEL,DF,28,1995,18.3,953,813,140,10,0,1,37,130,0,0,0,0,780,0,26
ENG-Premier League,2425,Fulham,Tom Cairney,SCO,MF,33,1991,7.0,627,602,25,11,0,2,20,1,8,3,3,0,569,0,8
ENG-Premier League,2425,Fulham,Willian,BRA,"FW,MF",35,1988,2.9,208,196,11,2,0,4,16,2,7,3,4,0,178,1,1
ENG-Premier League,2425,Ipswich Town,Alex Palmer,ENG,GK,27,1996,13.0,423,287,136,42,0,0,0,0,0,0,0,0,299,0,1
ENG-Premier League,2425,Ipswich Town,Ali Al Hamadi,IRQ,FW,22,2002,1.5,30,30,0,0,0,0,0,0,0,0,0,0,25,0,1
ENG-Premier League,2425,Ipswich Town,Arijanet Muric,KVX,GK,25,1998,18.0,633,485,143,49,0,3,0,0,0,0,0,0,454,5,0
ENG-Premier League,2425,Ipswich Town,Axel Tuanzebe,COD,DF,26,1997,19.0,814,651,163,30,0,1,10,133,0,0,0,0,682,0,14
ENG-Premier League,2425,Ipswich Town,Ben Godfrey,ENG,DF,26,1998,1.8,57,49,8,1,0,0,0,7,0,0,0,0,47,0,3
ENG-Premier League,2425,Ipswich Town,Ben Johnson,ENG,"DF,FW",24,2000,15.0,416,333,82,11,2,4,37,58,13,11,1,0,298,1,23
ENG-Premier League,2425,Ipswich Town,Cameron Burgess,AUS,DF,28,1995,17.1,774,710,60,28,1,1,0,0,0,0,0,0,626,4,7
ENG-Premier League,2425,Ipswich Town,Chiedozie Ogbene,IRL,FW,27,1997,2.6,43,43,0,0,0,0,4,0,0,0,0,0,32,0,5
ENG-Premier League,2425,Ipswich Town,Christian Walton,ENG,GK,28,1995,7.0,255,185,70,19,0,0,0,0,0,0,0,0,177,0,0
ENG-Premier League,2425,Ipswich Town,Conor Chaplin,ENG,"MF,FW",27,1997,9.5,319,282,37,3,10,1,9,4,0,0,0,0,235,0,5
ENG-Premier League,2425,Ipswich Town,Conor Townsend,ENG,DF,31,1993,3.7,127,98,28,4,1,0,12,20,4,3,1,0,80,1,3
ENG-Premier League,2425,Ipswich Town,Dara O'Shea,IRL,DF,25,1999,34.7,1579,1473,100,30,0,14,8,63,0,0,0,0,1234,6,12
ENG-Premier League,2425,Ipswich Town,George Edmundson,ENG,DF,26,1997,0.0,2,2,0,0,0,0,0,0,0,0,0,0,1,0,1
ENG-Premier League,2425,Ipswich Town,George Hirst,SCO,FW,25,1999,7.3,122,121,0,0,0,0,3,0,0,0,0,0,69,1,5
ENG-Premier League,2425,Ipswich Town,Harry Clarke,ENG,DF,23,2001,4.2,236,211,25,2,1,0,5,23,0,0,0,0,190,0,4
ENG-Premier League,2425,Ipswich Town,Jack Clarke,ENG,"FW,MF",23,2000,13.1,393,372,19,2,1,3,13,8,7,5,0,0,302,2,18
ENG-Premier League,2425,Ipswich Town,Jack Taylor,IRL,MF,26,1998,9.6,421,411,10,2,2,3,7,0,3,3,0,0,349,0,5
ENG-Premier League,2425,Ipswich Town,Jacob Greaves,ENG,DF,23,2000,24.5,1121,1041,78,30,0,0,1,23,0,0,0,0,962,2,4
ENG-Premier League,2425,Ipswich Town,Jaden Philogene Bidace,ENG,"FW,DF",22,2002,5.3,131,129,1,0,0,1,13,1,0,0,0,0,95,1,5
ENG-Premier League,2425,Ipswich Town,Jens Cajuste,SWE,MF,24,1999,21.8,783,719,64,23,1,5,10,41,0,0,0,0,647,0,12
ENG-Premier League,2425,Ipswich Town,Julio Enciso,PAR,"MF,FW",20,2004,9.7,248,210,37,8,4,0,21,2,13,11,1,0,171,1,11
ENG-Premier League,2425,Ipswich Town,Kalvin Phillips,ENG,MF,28,1995,13.7,551,510,40,27,1,6,20,2,11,8,2,1,436,1,9
ENG-Premier League,2425,Ipswich Town,Leif Davis,ENG,DF,24,2000,30.5,1284,970,307,61,3,5,161,166,80,56,13,0,919,7,23
ENG-Premier League,2425,Ipswich Town,Liam Delap,ENG,FW,21,2003,28.8,357,350,5,0,8,1,5,2,0,0,0,0,219,2,16
ENG-Premier League,2425,Ipswich Town,Luke Woolfenden,ENG,DF,25,1998,13.2,562,547,13,9,0,2,0,1,0,0,0,0,496,2,2
ENG-Premier League,2425,Ipswich Town,Marcus Harness,ENG,MF,28,1996,0.5,16,16,0,0,0,0,0,0,0,0,0,0,10,0,1
ENG-Premier League,2425,Ipswich Town,Massimo Luongo,AUS,MF,31,1992,2.2,66,64,1,1,0,1,1,0,0,0,0,0,50,1,1
ENG-Premier League,2425,Ipswich Town,Nathan Broadhead,WAL,"MF,FW",26,1998,7.8,228,218,10,0,3,1,9,2,3,3,0,0,178,0,11
ENG-Premier League,2425,Ipswich Town,Omari Hutchinson,ENG,"MF,FW",20,2003,28.7,885,807,70,1,4,2,81,8,5,5,0,0,690,8,39
ENG-Premier League,2425,Ipswich Town,Sam Morsy,EGY,MF,32,1991,30.6,1445,1388,50,49,2,5,15,0,0,0,0,0,1249,7,22
ENG-Premier League,2425,Ipswich Town,Sammie Szmodics,IRL,"FW,MF",28,1995,11.0,201,190,11,1,0,0,14,0,6,6,0,0,149,0,13
ENG-Premier League,2425,Ipswich Town,Wes Burns,WAL,"FW,DF",29,1994,10.3,253,244,9,1,0,1,46,8,0,0,0,0,153,0,24
ENG-Premier League,2425,Leicester City,Abdul Fatawu Issahaku,GHA,FW,20,2004,6.4,197,186,11,1,2,2,30,9,1,0,0,0,123,0,18
ENG-Premier League,2425,Leicester City,Bilal El Khannouss,MAR,"MF,FW",20,2004,24.2,1063,928,130,28,11,8,89,14,36,19,10,1,798,5,26
ENG-Premier League,2425,Leicester City,Bobby De Cordova-Reid,JAM,FW,31,1993,8.3,206,198,8,1,0,0,15,6,0,0,0,0,145,0,15
ENG-Premier League,2425,Leicester City,Boubakary Soumaré,FRA,MF,25,1999,24.1,1234,1220,11,8,3,1,10,3,0,0,0,0,1073,3,15
ENG-Premier League,2425,Leicester City,Caleb Okoli,ITA,DF,23,2001,12.5,648,597,51,21,1,3,1,4,0,0,0,0,559,0,8
ENG-Premier League,2425,Leicester City,Conor Coady,ENG,DF,31,1993,19.0,1072,1010,58,29,2,3,0,1,0,0,0,0,977,4,4
ENG-Premier League,2425,Leicester City,Danny Ward,WAL,GK,31,1993,1.5,53,46,7,0,0,0,0,0,0,0,0,0,41,0,0
ENG-Premier League,2425,Leicester City,Facundo Buonanotte,ARG,"FW,MF",19,2004,16.9,572,501,67,24,7,4,43,10,26,19,1,0,437,4,9
ENG-Premier League,2425,Leicester City,Hamza Choudhury,BAN,"MF,DF",26,1997,1.5,84,81,3,0,0,0,5,3,0,0,0,0,72,0,1
ENG-Premier League,2425,Leicester City,Harry Winks,ENG,MF,28,1996,17.1,1045,981,61,35,4,2,34,5,16,11,3,0,910,3,11
ENG-Premier League,2425,Leicester City,Jake Evans,,FW,,,0.3,3,3,0,0,0,0,0,0,0,0,0,0,2,0,0
ENG-Premier League,2425,Leicester City,Jakub Stolarczyk,POL,GK,23,2000,10.0,386,286,100,42,0,1,0,0,0,0,0,0,238,0,1
ENG-Premier League,2425,Leicester City,James Justin,ENG,DF,26,1998,32.4,1541,1268,270,22,1,2,57,248,0,0,0,0,1205,3,40
ENG-Premier League,2425,Leicester City,Jamie Vardy,ENG,FW,37,1987,31.4,389,335,47,0,1,1,11,0,0,0,0,0,258,7,15
ENG-Premier League,2425,Leicester City,Jannik Vestergaard,DEN,DF,31,1992,15.5,959,890,68,26,0,2,0,0,0,0,0,0,870,1,4
ENG-Premier League,2425,Leicester City,Jeremy Monga,,"FW,MF",,,1.2,29,28,1,1,0,0,4,0,0,0,0,0,18,0,5
ENG-Premier League,2425,Leicester City,Jordan Ayew,GHA,"FW,MF",32,1991,18.2,540,490,49,13,3,2,60,5,28,15,8,3,401,1,11
ENG-Premier League,2425,Leicester City,Kasey McAteer,IRL,FW,22,2001,9.5,252,241,7,0,0,0,21,7,0,0,0,0,183,4,13
ENG-Premier League,2425,Leicester City,Luke Thomas,ENG,DF,23,2001,12.3,629,518,108,20,0,0,29,80,8,4,3,0,493,3,14
ENG-Premier League,2425,Leicester City,Mads Hermansen,DEN,GK,24,2000,26.5,1073,840,229,86,0,2,0,0,0,0,0,0,654,4,1
ENG-Premier League,2425,Leicester City,Michael Golding,ENG,MF,18,2006,0.0,0,0,0,0,0,0,0,0,0,0,0,0,0,0,0
ENG-Premier League,2425,Leicester City,Odsonne Édouard,FRA,FW,26,1998,0.3,8,8,0,0,0,0,0,0,0,0,0,0,6,0,1
ENG-Premier League,2425,Leicester City,Olabade Aluko,,DF,,,0.0,5,4,1,1,0,0,0,0,0,0,0,0,3,0,0
ENG-Premier League,2425,Leicester City,Oliver Skipp,ENG,MF,23,2000,12.5,502,497,4,3,2,0,5,1,0,0,0,0,419,1,12
ENG-Premier League,2425,Leicester City,Patson Daka,ZAM,"FW,MF",25,1998,8.2,147,138,9,0,2,0,3,6,0,0,0,0,106,0,11
ENG-Premier League,2425,Leicester City,Ricardo Pereira,POR,DF,30,1993,4.3,248,207,40,6,0,1,3,34,0,0,0,0,207,1,3
ENG-Premier League,2425,Leicester City,Stephy Mavididi,ENG,FW,26,1998,17.9,613,588,20,2,6,0,69,11,7,4,2,0,460,5,24
ENG-Premier League,2425,Leicester City,Victor Bernth Kristiansen,DEN,DF,21,2002,27.6,1321,1067,246,40,1,2,97,189,17,14,2,0,1023,8,24
ENG-Premier League,2425,Leicester City,Wilfred Ndidi,NGA,MF,27,1996,25.8,1045,1020,22,13,4,4,30,9,0,0,0,0,839,3,26
ENG-Premier League,2425,Leicester City,Will Alves,ENG,FW,19,2005,0.0,1,1,0,0,0,0,0,0,0,0,0,0,1,0,0
ENG-Premier League,2425,Leicester City,Wout Faes,BEL,DF,26,1998,31.3,1564,1507,54,27,2,7,5,6,0,0,0,0,1376,3,7
ENG-Premier League,2425,Leicester City,Woyo Coulibaly,MLI,DF,25,1999,1.2,57,44,13,0,0,0,0,13,0,0,0,0,48,0,0
ENG-Premier League,2425,Liverpool,Alexis Mac Allister,ARG,MF,25,1998,28.9,1524,1403,116,35,6,3,86,9,71,26,36,0,1273,5,31
ENG-Premier League,2425,Liverpool,Alisson,BRA,GK,31,1992,27.9,959,836,121,41,1,1,0,0,0,0,0,0,794,2,1
ENG-Premier League,2425,Liverpool,Andrew Robertson,SCO,DF,30,1994,27.6,1885,1579,300,50,4,6,147,191,59,41,11,0,1559,6,35
ENG-Premier League,2425,Liverpool,Caoimhín Kelleher,IRL,GK,25,1998,10.0,382,344,38,20,0,0,0,0,0,0,0,0,289,0,1
ENG-Premier League,2425,Liverpool,Cody Gakpo,NED,FW,25,1999,21.5,634,616,16,4,3,4,74,11,1,0,0,0,480,2,10
ENG-Premier League,2425,Liverpool,Conor Bradley,NIR,DF,21,2003,8.4,544,471,71,13,0,2,7,58,0,0,0,0,456,2,12
ENG-Premier League,2425,Liverpool,Curtis Jones,ENG,"MF,DF",23,2001,19.0,1097,1037,58,11,2,2,8,28,1,0,0,0,1021,2,10
ENG-Premier League,2425,Liverpool,Darwin Núñez,URU,FW,25,1999,12.6,230,225,4,0,1,6,3,2,0,0,0,0,163,1,13
ENG-Premier League,2425,Liverpool,Diogo Jota,POR,FW,27,1996,13.3,310,305,3,0,1,2,8,1,0,0,0,0,216,2,15
ENG-Premier League,2425,Liverpool,Dominik Szoboszlai,HUN,MF,23,2000,27.7,1322,1202,118,21,5,14,41,36,17,9,6,0,1114,2,27
ENG-Premier League,2425,Liverpool,Federico Chiesa,ITA,FW,26,1997,1.2,31,30,1,0,0,0,2,1,0,0,0,0,27,0,1
ENG-Premier League,2425,Liverpool,Harvey Elliott,ENG,MF,21,2003,4.1,292,267,22,2,1,3,12,8,6,3,1,0,240,3,4
ENG-Premier League,2425,Liverpool,Ibrahima Konaté,FRA,DF,25,1999,28.4,1905,1856,46,41,1,5,0,5,0,0,0,0,1718,3,9
ENG-Premier League,2425,Liverpool,Jarell Quansah,ENG,DF,21,2003,5.5,392,360,32,10,0,1,2,12,0,0,0,0,356,0,2
ENG-Premier League,2425,Liverpool,Jayden Danns,ENG,MF,18,2006,0.1,1,1,0,0,0,0,0,0,0,0,0,0,1,0,0
ENG-Premier League,2425,Liverpool,Joe Gomez,ENG,DF,27,1997,5.8,425,406,18,12,1,5,2,6,0,0,0,0,377,1,2
ENG-Premier League,2425,Liverpool,Kostas Tsimikas,GRE,DF,28,1996,9.3,654,536,116,12,1,1,64,63,41,32,6,0,550,2,9
ENG-Premier League,2425,Liverpool,Luis Díaz,COL,FW,27,1997,26.7,874,855,17,2,2,9,32,14,1,0,0,0,736,2,24
ENG-Premier League,2425,Liverpool,Mohamed Salah,EGY,FW,32,1992,37.5,1263,1227,30,7,19,3,79,23,0,0,0,0,892,6,62
ENG-Premier League,2425,Liverpool,Ryan Gravenberch,NED,MF,22,2002,35.1,1927,1889,32,16,8,7,7,10,0,0,0,0,1718,6,15
ENG-Premier League,2425,Liverpool,Trent Alexander-Arnold,ENG,DF,25,1998,26.3,1971,1651,310,63,12,32,153,192,55,34,12,1,1448,10,36
ENG-Premier League,2425,Liverpool,Virgil van Dijk,NED,DF,33,1991,37.0,2934,2707,224,86,1,22,1,8,0,0,0,0,2687,3,9
ENG-Premier League,2425,Liverpool,Vitezslav Jaros,CZE,GK,23,2001,0.1,8,7,1,0,0,0,0,0,0,0,0,0,6,0,0
ENG-Premier League,2425,Liverpool,Wataru Endo,JPN,"MF,DF",31,1993,3.0,194,188,6,2,0,0,1,4,0,0,0,0,182,0,2
ENG-Premier League,2425,Manchester City,Abdukodir Khusanov,UZB,DF,20,2004,5.6,395,385,10,6,0,1,1,3,0,0,0,0,360,0,3
ENG-Premier League,2425,Manchester City,Bernardo Silva,POR,"MF,FW",29,1994,29.7,1783,1654,128,55,4,6,60,44,16,5,0,0,1547,1,35
ENG-Premier League,2425,Manchester City,Claudio Echeverri,ARG,FW,18,2006,0.1,3,3,0,0,0,0,0,0,0,0,0,0,3,0,0
ENG-Premier League,2425,Manchester City,Divin Mubama,ENG,FW,19,2004,0.3,3,3,0,0,0,0,0,0,0,0,0,0,2,0,1
ENG-Premier League,2425,Manchester City,Ederson,BRA,GK,30,1993,25.8,923,817,106,29,1,2,0,0,0,0,0,0,811,0,1
ENG-Premier League,2425,Manchester City,Erling Haaland,NOR,FW,24,2000,30.4,381,372,7,0,1,0,3,1,0,0,0,0,255,2,10
ENG-Premier League,2425,Manchester City,Jack Grealish,ENG,"FW,MF",28,1995,8.0,436,418,18,5,0,0,20,4,9,4,0,0,382,0,11
ENG-Premier League,2425,Manchester City,Jahmai Simpson-Pusey,ENG,DF,18,2005,1.1,115,110,5,3,0,0,0,1,0,0,0,0,107,0,0
ENG-Premier League,2425,Manchester City,James Mcatee,ENG,"MF,FW",21,2002,3.9,125,122,3,1,1,0,8,0,1,1,0,0,100,0,4
ENG-Premier League,2425,Manchester City,Jeremy Doku,BEL,"FW,MF",22,2002,16.8,762,757,3,0,8,0,59,1,2,0,0,0,603,2,30
ENG-Premier League,2425,Manchester City,John Stones,ENG,"DF,MF",30,1994,6.1,403,389,13,7,0,3,0,0,0,0,0,0,367,1,2
ENG-Premier League,2425,Manchester City,Joško Gvardiol,CRO,DF,22,2002,36.4,2721,2502,211,41,6,11,22,163,0,0,0,0,2454,8,33
ENG-Premier League,2425,Manchester City,Kevin De Bruyne,BEL,"MF,FW",33,1991,18.9,1196,1031,160,32,15,10,145,18,94,33,20,2,908,5,28
ENG-Premier League,2425,Manchester City,Kyle Walker,ENG,DF,34,1990,10.8,826,727,99,18,2,7,14,81,0,0,0,0,724,0,8
ENG-Premier League,2425,Manchester City,Manuel Akanji,SUI,DF,29,1995,22.4,1744,1707,36,18,4,10,11,10,0,0,0,0,1632,1,6
ENG-Premier League,2425,Manchester City,Mateo Kovačić,CRO,MF,30,1994,24.4,1882,1845,33,32,15,8,0,0,0,0,0,0,1742,4,14
ENG-Premier League,2425,Manchester City,Matheus Nunes,POR,"DF,MF",25,1998,18.6,1234,1103,130,13,3,8,45,109,7,5,0,0,1065,1,24
ENG-Premier League,2425,Manchester City,Nathan Aké,NED,DF,29,1995,7.5,542,514,26,13,0,0,1,7,0,0,0,0,509,2,3
ENG-Premier League,2425,Manchester City,Nico O’Reilly,ENG,DF,19,2005,5.9,353,311,41,5,1,0,8,36,0,0,0,0,305,1,3
ENG-Premier League,2425,Manchester City,Nicolás González,ESP,MF,22,2002,8.4,625,603,21,19,1,0,1,2,0,0,0,0,575,1,5
ENG-Premier League,2425,Manchester City,Omar Marmoush,EGY,"FW,MF",25,1999,13.1,318,291,24,4,2,0,28,1,14,8,3,0,252,3,3
ENG-Premier League,2425,Manchester City,Oscar Bobb,NOR,FW,21,2003,0.2,15,14,1,0,0,0,0,0,0,0,0,0,13,0,0
ENG-Premier League,2425,Manchester City,Phil Foden,ENG,"MF,FW",24,2000,19.7,941,854,83,21,7,2,80,5,46,30,8,1,791,4,26
ENG-Premier League,2425,Manchester City,Rico Lewis,ENG,"DF,MF",19,2004,21.0,1312,1185,127,25,3,0,6,102,0,0,0,0,1201,0,22
ENG-Premier League,2425,Manchester City,Rodri,ESP,MF,28,1996,0.8,68,67,1,1,0,0,0,0,0,0,0,0,64,0,0
ENG-Premier League,2425,Manchester City,Rúben Dias,POR,DF,27,1997,25.2,2317,2234,80,43,0,10,3,2,0,0,0,0,2167,3,14
ENG-Premier League,2425,Manchester City,Stefan Ortega,GER,GK,31,1992,12.2,459,388,70,21,0,2,0,0,0,0,0,0,373,1,1
ENG-Premier League,2425,Manchester City,Sávio,BRA,"FW,MF",20,2004,19.6,856,824,32,4,5,7,84,9,18,10,2,0,692,0,33
ENG-Premier League,2425,Manchester City,Vitor Reis,BRA,DF,18,2006,0.0,2,2,0,0,0,0,0,0,0,0,0,0,2,0,0
ENG-Premier League,2425,Manchester City,İlkay Gündoğan,GER,MF,33,1990,24.7,1703,1590,108,33,7,3,60,4,46,31,4,1,1525,5,21
ENG-Premier League,2425,Manchester Utd,Alejandro Garnacho,ARG,"MF,FW",20,2004,24.4,823,798,24,3,2,9,56,16,2,1,0,0,649,1,54
ENG-Premier League,2425,Manchester Utd,Altay Bayındır,TUR,GK,26,1998,4.0,152,121,31,7,0,0,0,0,0,0,0,0,92,0,2
ENG-Premier League,2425,Manchester Utd,Amad Diallo,CIV,"MF,FW",22,2002,21.1,949,859,86,5,3,1,42,49,32,23,1,1,795,4,20
ENG-Premier League,2425,Manchester Utd,André Onana,CMR,GK,28,1996,34.0,1306,1066,235,86,1,2,0,0,0,0,0,0,948,5,0
ENG-Premier League,2425,Manchester Utd,Antony,BRA,"DF,MF",24,2000,1.6,69,62,7,2,0,0,5,5,0,0,0,0,56,0,1
ENG-Premier League,2425,Manchester Utd,Ayden Heaven,ENG,DF,17,2006,1.9,106,104,1,1,0,0,0,0,0,0,0,0,90,1,3
ENG-Premier League,2425,Manchester Utd,Bruno Fernandes,POR,MF,29,1994,33.5,2242,1988,237,98,31,22,186,19,91,44,22,5,1707,17,55
ENG-Premier League,2425,Manchester Utd,Casemiro,BRA,MF,32,1992,16.6,990,963,19,17,9,9,20,2,0,0,0,0,780,8,22
ENG-Premier League,2425,Manchester Utd,Chidozie Obi-Martin,DEN,FW,16,2007,1.8,24,22,2,0,0,0,0,0,0,0,0,0,20,0,0
ENG-Premier League,2425,Manchester Utd,Christian Eriksen,DEN,MF,32,1992,11.8,749,645,102,31,8,8,85,5,62,24,20,5,590,2,6
ENG-Premier League,2425,Manchester Utd,Diogo Dalot,POR,DF,25,1999,31.3,1673,1426,242,13,4,8,66,229,0,0,0,0,1347,5,36
ENG-Premier League,2425,Manchester Utd,Harry Amass,ENG,DF,17,2007,3.8,181,150,31,2,0,0,9,29,0,0,0,0,149,0,3
ENG-Premier League,2425,Manchester Utd,Harry Maguire,ENG,DF,31,1993,19.5,1128,1083,41,26,0,9,4,1,0,0,0,0,965,4,5
ENG-Premier League,2425,Manchester Utd,Jonny Evans,NIR,DF,36,1988,3.5,217,197,20,5,0,0,0,3,0,0,0,0,192,0,1
ENG-Premier League,2425,Manchester Utd,Joshua Zirkzee,NED,"FW,MF",23,2001,15.6,410,400,9,1,6,2,4,0,0,0,0,0,292,1,15
ENG-Premier League,2425,Manchester Utd,Kobbie Mainoo,ENG,MF,19,2005,18.3,836,808,23,13,2,4,7,6,0,0,0,0,723,5,17
ENG-Premier League,2425,Manchester Utd,Leny Yoro,FRA,DF,18,2005,12.9,766,745,20,9,2,1,1,7,0,0,0,0,708,1,5
ENG-Premier League,2425,Manchester Utd,Lisandro Martínez,ARG,DF,26,1998,19.5,1342,1285,54,15,5,3,9,16,0,0,0,0,1200,3,7
ENG-Premier League,2425,Manchester Utd,Luke Shaw,ENG,DF,29,1995,3.9,290,276,14,5,1,1,11,2,4,0,1,0,249,0,6
ENG-Premier League,2425,Manchester Utd,Manuel Ugarte Ribeiro,URU,MF,23,2001,19.8,910,883,23,7,2,5,7,2,0,0,0,0,800,4,12
ENG-Premier League,2425,Manchester Utd,Marcus Rashford,ENG,"FW,MF",26,1997,10.9,343,334,9,1,6,5,27,4,1,1,0,0,253,0,10
ENG-Premier League,2425,Manchester Utd,Mason Mount,ENG,MF,25,1999,6.9,253,238,15,8,2,2,13,3,4,3,1,0,207,0,8
ENG-Premier League,2425,Manchester Utd,Matthijs de Ligt,NED,DF,24,1999,23.6,1380,1350,27,19,0,9,6,1,0,0,0,0,1241,3,11
ENG-Premier League,2425,Manchester Utd,Noussair Mazraoui,MAR,DF,26,1997,31.5,1781,1578,202,24,7,6,23,168,0,0,0,0,1526,1,35
ENG-Premier League,2425,Manchester Utd,Patrick Dorgu,DEN,DF,19,2004,9.4,494,419,74,8,0,1,39,65,1,0,0,0,400,1,8
ENG-Premier League,2425,Manchester Utd,Rasmus Højlund,DEN,FW,21,2003,22.3,336,310,23,0,2,0,8,0,0,0,0,0,251,3,6
ENG-Premier League,2425,Manchester Utd,Scott McTominay,SCO,MF,27,1996,0.2,10,8,2,0,0,0,0,1,0,0,0,0,10,0,0
ENG-Premier League,2425,Manchester Utd,Toby Collyer,ENG,MF,20,2004,2.0,92,88,4,1,0,0,0,2,0,0,0,0,76,0,2
ENG-Premier League,2425,Manchester Utd,Tyler Fredricson,ENG,DF,19,2005,1.8,122,119,3,3,0,0,0,0,0,0,0,0,110,0,2
ENG-Premier League,2425,Manchester Utd,Tyrell Malacia,NED,DF,24,1999,1.1,55,49,6,0,0,0,1,6,0,0,0,0,49,0,2
ENG-Premier League,2425,Manchester Utd,Victor Lindelöf,SWE,DF,30,1994,7.8,386,376,10,4,1,0,1,5,0,0,0,0,362,0,1
ENG-Premier League,2425,Newcastle Utd,Alexander Isak,SWE,FW,24,1999,30.6,689,606,77,0,6,3,16,9,3,0,0,0,519,6,24
ENG-Premier League,2425,Newcastle Utd,Anthony Gordon,ENG,"FW,MF",23,2001,27.0,982,857,117,24,9,4,131,34,53,35,7,0,720,8,38
ENG-Premier League,2425,Newcastle Utd,Bruno Guimarães,BRA,MF,26,1997,36.3,1798,1708,81,70,22,14,28,3,5,2,2,0,1481,9,38
ENG-Premier League,2425,Newcastle Utd,Callum Wilson,ENG,FW,32,1992,4.1,53,46,6,0,0,0,2,0,0,0,0,0,40,1,4
ENG-Premier League,2425,Newcastle Utd,Dan Burn,ENG,DF,32,1992,37.0,2006,1968,37,25,0,12,3,8,0,0,0,0,1774,1,16
ENG-Premier League,2425,Newcastle Utd,Emil Krafth,SWE,DF,29,1994,3.8,158,138,20,4,0,0,2,16,0,0,0,0,124,0,4
ENG-Premier League,2425,Newcastle Utd,Fabian Schär,SUI,DF,32,1991,32.6,1977,1890,79,65,4,31,13,14,0,0,0,0,1654,8,8
ENG-Premier League,2425,Newcastle Utd,Harvey Barnes,ENG,FW,26,1997,19.5,607,590,15,3,5,1,47,10,2,0,0,0,474,2,17
ENG-Premier League,2425,Newcastle Utd,Jacob Murphy,ENG,FW,29,1995,26.2,1004,943,53,5,5,6,120,32,16,1,0,0,688,8,51
ENG-Premier League,2425,Newcastle Utd,Joe Willock,ENG,"MF,FW",24,1999,12.1,363,356,5,0,0,2,18,5,0,0,0,0,300,2,8
ENG-Premier League,2425,Newcastle Utd,Joelinton,BRA,"MF,FW",27,1996,26.6,1043,1014,26,11,7,2,16,14,0,0,0,0,863,3,23
ENG-Premier League,2425,Newcastle Utd,Kieran Trippier,ENG,DF,33,1990,14.5,1256,1007,246,50,3,3,82,133,62,26,8,15,1036,3,16
ENG-Premier League,2425,Newcastle Utd,Lewis Hall,ENG,DF,19,2004,24.3,1592,1300,287,68,4,2,110,164,55,45,2,0,1300,5,27
ENG-Premier League,2425,Newcastle Utd,Lewis Miley,ENG,MF,18,2006,3.5,191,189,1,1,1,0,0,0,0,0,0,0,168,1,4
ENG-Premier League,2425,Newcastle Utd,Lloyd Kelly,ENG,DF,25,1998,3.4,181,159,22,7,0,0,1,15,0,0,0,0,146,0,5
ENG-Premier League,2425,Newcastle Utd,Martin Dúbravka,SVK,GK,35,1989,10.0,333,246,86,27,0,1,0,0,0,0,0,0,265,1,0
ENG-Premier League,2425,Newcastle Utd,Matt Targett,ENG,DF,28,1995,0.2,15,15,0,0,0,0,1,0,0,0,0,0,14,0,0
ENG-Premier League,2425,Newcastle Utd,Miguel Almirón,PAR,FW,30,1994,1.7,66,64,1,0,1,0,0,1,0,0,0,0,54,1,2
ENG-Premier League,2425,Newcastle Utd,Nick Pope,ENG,GK,32,1992,28.0,782,528,254,67,0,0,0,0,0,0,0,0,575,0,0
ENG-Premier League,2425,Newcastle Utd,Sandro Tonali,ITA,MF,24,2000,29.2,1535,1468,61,29,7,7,54,12,19,9,8,1,1285,6,27
ENG-Premier League,2425,Newcastle Utd,Sean Longstaff,ENG,MF,26,1997,8.9,349,344,4,2,2,3,5,0,1,0,0,1,295,1,12
ENG-Premier League,2425,Newcastle Utd,Sven Botman,NED,DF,24,2000,4.6,246,238,8,7,1,2,0,1,0,0,0,0,220,0,0
ENG-Premier League,2425,Newcastle Utd,Valentino Livramento,ENG,DF,21,2002,31.6,1643,1387,251,17,1,1,52,233,1,0,0,0,1403,5,27
ENG-Premier League,2425,Newcastle Utd,William Osula,DEN,FW,20,2003,1.5,29,27,2,0,0,0,4,0,0,0,0,0,18,0,0
ENG-Premier League,2425,Nott'ham Forest,Anthony Elanga,SWE,"FW,MF",22,2002,27.8,827,697,126,31,3,0,185,6,86,43,39,0,540,4,24
ENG-Premier League,2425,Nott'ham Forest,Callum Hudson-Odoi,ENG,"FW,MF",23,2000,24.4,843,817,23,3,5,6,79,6,5,4,1,0,691,3,16
ENG-Premier League,2425,Nott'ham Forest,Chris Wood,NZL,FW,32,1991,32.9,490,485,0,0,2,1,1,0,0,0,0,0,315,5,7
ENG-Premier League,2425,Nott'ham Forest,Danilo,BRA,"MF,FW",23,2001,3.1,121,119,1,0,0,0,3,0,1,1,0,0,94,1,5
ENG-Premier League,2425,Nott'ham Forest,Elliot Anderson,ENG,MF,21,2002,30.3,1386,1292,85,26,7,4,86,2,48,17,28,0,1085,9,35
ENG-Premier League,2425,Nott'ham Forest,Eric da Silva Moreira,GER,"MF,DF",18,2006,0.3,8,6,2,0,0,0,0,2,0,0,0,0,7,0,0
ENG-Premier League,2425,Nott'ham Forest,Harry Toffolo,ENG,DF,28,1995,1.5,67,39,28,0,0,0,4,27,1,1,0,0,47,0,3
ENG-Premier League,2425,Nott'ham Forest,Ibrahim Sangaré,CIV,MF,26,1997,6.6,323,312,11,10,1,2,2,1,0,0,0,0,276,0,9
ENG-Premier League,2425,Nott'ham Forest,James Ward-Prowse,ENG,MF,29,1994,4.4,182,157,24,15,0,1,19,0,8,3,5,0,145,1,1
ENG-Premier League,2425,Nott'ham Forest,Jota Silva,POR,"FW,MF",24,1999,9.5,196,191,3,0,1,1,21,2,1,0,0,0,118,2,12
ENG-Premier League,2425,Nott'ham Forest,Matz Sels,BEL,GK,32,1992,38.0,998,610,375,105,0,0,0,0,0,0,0,0,519,13,0
ENG-Premier League,2425,Nott'ham Forest,Morato,BRA,DF,23,2001,10.1,309,290,17,11,1,0,0,3,0,0,0,0,238,2,11
ENG-Premier League,2425,Nott'ham Forest,Morgan Gibbs-White,ENG,MF,24,2000,31.1,1269,1241,18,7,19,12,45,1,1,0,0,0,993,10,27
ENG-Premier League,2425,Nott'ham Forest,Murillo,BRA,DF,22,2002,35.4,1450,1271,166,113,8,22,14,3,0,0,0,0,1138,13,6
ENG-Premier League,2425,Nott'ham Forest,Neco Williams,WAL,DF,23,2001,28.8,1116,888,224,19,1,4,59,203,2,0,2,0,843,4,31
ENG-Premier League,2425,Nott'ham Forest,Nicolás Domínguez,ARG,"MF,FW",26,1998,21.8,947,890,50,22,7,0,7,6,0,0,0,0,821,7,11
ENG-Premier League,2425,Nott'ham Forest,Nikola Milenković,SRB,DF,26,1997,37.0,1033,994,32,32,0,3,0,0,0,0,0,0,850,7,3
ENG-Premier League,2425,Nott'ham Forest,Ola Aina,NGA,DF,27,1996,33.3,1352,1071,279,15,0,4,59,264,0,0,0,0,994,2,46
ENG-Premier League,2425,Nott'ham Forest,Ramón Sosa,PAR,"FW,MF",24,1999,3.3,97,86,10,2,0,1,8,4,4,2,1,0,66,1,2
ENG-Premier League,2425,Nott'ham Forest,Ryan Yates,ENG,MF,26,1997,21.3,758,699,56,23,0,0,8,0,2,0,0,0,618,3,19
ENG-Premier League,2425,Nott'ham Forest,Taiwo Awoniyi,NGA,FW,26,1997,4.6,96,96,0,0,1,0,2,0,0,0,0,0,61,0,4
ENG-Premier League,2425,Nott'ham Forest,Willy Boly,CIV,DF,33,1991,1.7,70,69,1,1,0,0,0,0,0,0,0,0,55,0,0
ENG-Premier League,2425,Nott'ham Forest,Álex Moreno,ESP,"DF,MF",31,1993,10.6,428,338,86,1,3,1,19,85,0,0,0,0,308,4,10
ENG-Premier League,2425,Southampton,Aaron Ramsdale,ENG,GK,26,1998,30.0,1223,918,298,108,0,4,0,0,0,0,0,0,774,7,1
ENG-Premier League,2425,Southampton,Adam Armstrong,ENG,"FW,MF",27,1997,13.9,288,268,18,0,0,1,14,3,0,0,0,0,231,2,12
ENG-Premier League,2425,Southampton,Adam Lallana,ENG,MF,36,1988,4.0,260,255,4,3,1,0,4,0,0,0,0,0,221,1,3
ENG-Premier League,2425,Southampton,Albert Grønbaek,DEN,"FW,MF",23,2001,1.6,18,18,0,0,0,0,1,0,0,0,0,0,13,0,1
ENG-Premier League,2425,Southampton,Alex McCarthy,ENG,GK,34,1989,5.0,156,126,29,6,0,1,0,0,0,0,0,0,117,1,1
ENG-Premier League,2425,Southampton,Armel Bella Kotchap,GER,DF,22,2001,3.7,224,219,4,4,0,0,0,0,0,0,0,0,202,1,1
ENG-Premier League,2425,Southampton,Ben Brereton,CHI,FW,25,1999,5.0,166,163,2,1,1,0,5,1,0,0,0,0,128,1,3
ENG-Premier League,2425,Southampton,Cameron Archer,ENG,FW,23,2001,16.0,251,231,19,0,2,0,3,0,0,0,0,0,205,1,8
ENG-Premier League,2425,Southampton,Carlos Alcaraz,ARG,MF,21,2002,0.1,13,11,2,0,0,0,1,1,1,0,0,0,13,0,0
ENG-Premier League,2425,Southampton,Charlie Taylor,ENG,DF,30,1993,4.0,223,192,30,7,0,0,9,21,2,1,1,0,196,1,3
ENG-Premier League,2425,Southampton,Flynn Downes,ENG,MF,25,1999,23.9,1109,1079,29,29,7,1,4,0,0,0,0,0,1003,1,13
ENG-Premier League,2425,Southampton,Jack Stephens,ENG,DF,30,1994,15.4,955,912,42,19,0,2,1,15,0,0,0,0,879,1,4
ENG-Premier League,2425,Southampton,James Bree,ENG,DF,26,1997,11.9,599,549,49,9,0,0,29,36,3,2,0,0,500,1,9
ENG-Premier League,2425,Southampton,Jan Bednarek,POL,DF,28,1996,28.1,1687,1606,79,33,0,7,1,1,0,0,0,0,1564,2,4
ENG-Premier League,2425,Southampton,Jay Robinson,ENG,"MF,FW",17,2007,1.5,34,34,0,0,0,0,1,0,0,0,0,0,23,0,2
ENG-Premier League,2425,Southampton,Joachim Kayi Sanda,FRA,DF,17,2006,0.2,15,15,0,0,0,0,0,0,0,0,0,0,15,0,0
ENG-Premier League,2425,Southampton,Joe Aribo,NGA,"MF,DF",28,1996,22.4,1046,1032,13,4,2,1,10,4,0,0,0,0,929,1,15
ENG-Premier League,2425,Southampton,Joe Lumley,ENG,GK,29,1995,3.0,151,128,22,7,0,0,0,0,0,0,0,0,106,1,0
ENG-Premier League,2425,Southampton,Kamaldeen Sulemana,GHA,"FW,MF",22,2002,15.6,357,354,2,0,0,2,26,2,0,0,0,0,285,1,9
ENG-Premier League,2425,Southampton,Kyle Walker-Peters,ENG,DF,27,1997,32.4,1693,1500,190,36,5,2,51,144,3,0,0,0,1493,3,33
ENG-Premier League,2425,Southampton,Lesley Ugochukwu,FRA,MF,20,2004,18.4,706,697,9,9,2,0,6,0,0,0,0,0,600,0,11
ENG-Premier League,2425,Southampton,Mateus Fernandes,POR,MF,20,2004,32.3,1361,1184,175,61,9,10,113,10,54,39,14,0,1087,2,36
ENG-Premier League,2425,Southampton,Maxwel Cornet,CIV,FW,27,1996,0.8,22,20,2,0,0,0,3,0,2,2,0,0,17,0,0
ENG-Premier League,2425,Southampton,Nathan Wood-Gordon,ENG,DF,22,2002,8.6,476,465,10,4,0,0,3,1,0,0,0,0,444,1,1
ENG-Premier League,2425,Southampton,Paul Onuachu,NGA,FW,30,1994,11.7,263,261,0,0,0,4,0,0,0,0,0,0,160,2,8
ENG-Premier League,2425,Southampton,Ronnie Edwards,ENG,DF,21,2003,0.1,5,5,0,0,0,0,0,0,0,0,0,0,5,0,0
ENG-Premier League,2425,Southampton,Ross Stewart,SCO,FW,28,1996,4.3,95,94,1,1,0,0,0,0,0,0,0,0,67,0,3
ENG-Premier League,2425,Southampton,Ryan Fraser,SCO,"FW,DF",30,1994,3.4,103,97,5,0,0,0,12,3,2,2,0,0,77,1,2
ENG-Premier League,2425,Southampton,Ryan Manning,IRL,"DF,MF",28,1996,16.2,803,634,162,38,1,3,84,92,32,24,5,0,619,7,21
ENG-Premier League,2425,Southampton,Samuel Amo-Ameyaw,ENG,"FW,DF",18,2006,0.3,9,8,1,0,0,0,2,0,1,0,0,0,8,0,0
ENG-Premier League,2425,Southampton,Samuel Edozie,ENG,"DF,FW",21,2003,0.7,33,33,0,0,0,0,4,0,0,0,0,0,25,0,2
ENG-Premier League,2425,Southampton,Taylor Harwood-Bellis,ENG,DF,22,2002,31.4,2164,2080,81,51,3,9,10,27,0,0,0,0,1892,3,11
ENG-Premier League,2425,Southampton,Tyler Dibling,ENG,"FW,MF",18,2006,20.8,620,585,32,4,8,3,28,3,11,8,0,0,504,3,17
ENG-Premier League,2425,Southampton,Welington,BRA,DF,23,2001,5.4,186,147,39,5,0,1,17,28,6,5,0,0,145,0,8
ENG-Premier League,2425,Southampton,William Smallbone,IRL,MF,24,2000,7.7,356,294,60,12,1,2,36,4,25,15,7,0,270,2,8
ENG-Premier League,2425,Southampton,Yukinari Sugawara,JPN,"DF,MF",24,2000,17.3,891,765,124,17,1,7,70,97,10,4,6,0,713,2,22
ENG-Premier League,2425,Tottenham,Alfie Dorrington,ENG,DF,19,2005,0.2,16,16,0,0,0,0,0,0,0,0,0,0,15,0,0
ENG-Premier League,2425,Tottenham,Antonín Kinský,CZE,GK,21,2003,6.0,217,177,39,9,0,0,0,0,0,0,0,0,167,1,1
ENG-Premier League,2425,Tottenham,Archie Gray,ENG,"DF,MF",18,2006,19.5,1145,1053,88,30,1,3,17,45,4,0,4,0,1001,4,18
ENG-Premier League,2425,Tottenham,Ben Davies,WAL,DF,31,1993,14.8,1023,925,95,26,1,5,4,5,0,0,0,0,896,3,8
ENG-Premier League,2425,Tottenham,Brandon Austin,ENG,GK,25,1999,1.0,32,24,8,2,0,0,0,0,0,0,0,0,22,0,0
ENG-Premier League,2425,Tottenham,Brennan Johnson,WAL,FW,23,2001,24.2,638,624,12,0,0,1,53,12,0,0,0,0,449,2,41
ENG-Premier League,2425,Tottenham,Cristian Romero,ARG,DF,26,1998,15.7,1223,1120,101,80,4,2,3,7,0,0,0,0,1094,2,7
ENG-Premier League,2425,Tottenham,Dane Scarlett,ENG,"FW,MF",20,2004,0.4,5,5,0,0,0,0,0,0,0,0,0,0,3,0,1
ENG-Premier League,2425,Tottenham,Dejan Kulusevski,SWE,"MF,FW",24,2000,26.5,893,800,84,4,11,1,89,6,62,26,0,0,658,9,42
ENG-Premier League,2425,Tottenham,Destiny Udogie,ITA,DF,21,2002,21.4,1115,944,170,28,0,0,19,142,0,0,0,0,972,1,34
ENG-Premier League,2425,Tottenham,Djed Spence,ENG,DF,23,2000,19.9,1161,974,183,30,2,2,25,153,0,0,0,0,992,4,19
ENG-Premier League,2425,Tottenham,Dominic Solanke,ENG,FW,26,1997,24.5,361,321,38,0,3,1,4,2,0,0,0,0,255,2,15
ENG-Premier League,2425,Tottenham,Fraser Forster,ENG,GK,36,1988,7.0,198,125,72,16,0,1,0,0,0,0,0,0,168,1,0
ENG-Premier League,2425,Tottenham,Guglielmo Vicario,ITA,GK,27,1996,24.0,874,773,101,36,0,1,0,0,0,0,0,0,764,0,2
ENG-Premier League,2425,Tottenham,James Maddison,ENG,MF,27,1996,20.1,1256,1118,132,48,12,5,98,5,59,37,8,0,1021,6,15
ENG-Premier League,2425,Tottenham,Kevin Danso,AUT,DF,25,1998,9.4,555,534,21,17,0,2,1,0,0,0,0,0,480,0,8
ENG-Premier League,2425,Tottenham,Lucas Bergvall,SWE,MF,18,2006,13.5,720,675,44,21,0,8,21,10,8,5,2,0,629,1,11
ENG-Premier League,2425,Tottenham,Mathys Tel,FRA,FW,19,2005,10.1,266,243,22,3,2,1,35,7,8,6,2,0,185,1,12
ENG-Premier League,2425,Tottenham,Micky van de Ven,NED,DF,23,2001,11.3,802,758,43,18,0,1,0,4,0,0,0,0,729,1,5
ENG-Premier League,2425,Tottenham,Mikey Moore,ENG,FW,16,2007,4.1,96,88,8,0,0,0,16,2,6,3,0,0,67,0,5
ENG-Premier League,2425,Tottenham,Pape Matar Sarr,SEN,MF,21,2002,21.3,1029,999,26,9,1,3,14,12,0,0,0,0,889,4,20
ENG-Premier League,2425,Tottenham,Pedro Porro,ESP,DF,24,1999,29.0,1892,1530,355,53,4,16,196,249,53,4,44,0,1385,7,75
ENG-Premier League,2425,Tottenham,Radu Drăgușin,ROU,DF,22,2002,13.9,840,793,47,40,1,3,1,3,0,0,0,0,716,0,5
ENG-Premier League,2425,Tottenham,Richarlison,BRA,FW,27,1997,5.6,103,97,6,1,0,3,7,0,0,0,0,0,62,0,6
ENG-Premier League,2425,Tottenham,Rodrigo Bentancur,URU,MF,27,1997,18.3,1076,1036,38,31,4,2,4,2,0,0,0,0,946,2,19
ENG-Premier League,2425,Tottenham,Sergio Reguilón,ESP,DF,27,1996,2.2,136,116,19,1,0,0,12,16,2,1,1,0,93,1,4
ENG-Premier League,2425,Tottenham,Son Heung-min,KOR,FW,32,1992,23.4,925,853,70,15,4,4,78,12,38,25,5,0,730,2,26
ENG-Premier League,2425,Tottenham,Timo Werner,GER,"FW,MF",28,1996,5.7,236,222,12,2,2,2,28,8,2,1,0,0,158,2,15
ENG-Premier League,2425,Tottenham,Will Lankshear,ENG,"FW,MF",19,2005,0.1,1,1,0,0,0,0,0,0,0,0,0,0,0,0,0
ENG-Premier League,2425,Tottenham,Wilson Odobert,FRA,"FW,MF",19,2004,9.4,274,262,8,0,0,1,25,2,1,0,0,0,212,4,13
ENG-Premier League,2425,Tottenham,Yves Bissouma,MLI,MF,27,1996,15.6,852,807,42,41,2,2,2,1,0,0,0,0,755,3,10
ENG-Premier League,2425,West Ham,Aaron Cresswell,ENG,DF,34,1989,9.2,610,511,98,33,1,5,36,52,13,11,2,0,504,1,10
ENG-Premier League,2425,West Ham,Aaron Wan-Bissaka,ENG,DF,26,1997,35.0,1815,1568,243,11,5,1,76,232,0,0,0,0,1472,4,62
ENG-Premier League,2425,West Ham,Alphonse Areola,FRA,GK,31,1993,25.1,989,716,268,72,0,3,0,0,0,0,0,0,688,5,3
ENG-Premier League,2425,West Ham,Andy Irving,SCO,MF,24,2000,1.8,124,120,2,2,1,0,2,0,0,0,0,0,109,2,1
ENG-Premier League,2425,West Ham,Carlos Soler,ESP,"MF,FW",27,1997,15.7,669,605,62,28,4,6,34,4,21,11,6,0,570,2,10
ENG-Premier League,2425,West Ham,Crysencio Summerville,NED,"FW,MF",22,2001,8.7,254,241,13,2,3,0,21,2,8,6,0,0,194,0,13
ENG-Premier League,2425,West Ham,Danny Ings,ENG,"FW,MF",32,1992,3.2,92,86,5,0,1,0,3,0,0,0,0,0,63,1,4
ENG-Premier League,2425,West Ham,Edson Álvarez,MEX,MF,26,1997,19.7,1003,980,16,12,3,12,6,3,0,0,0,0,861,7,10
ENG-Premier League,2425,West Ham,Emerson Palmieri,ITA,DF,29,1994,23.5,1077,887,185,20,1,2,64,140,25,7,15,0,861,5,23
ENG-Premier League,2425,West Ham,Evan Ferguson,IRL,FW,19,2004,1.7,37,35,1,0,1,1,0,0,0,0,0,0,28,1,0
ENG-Premier League,2425,West Ham,Guido Rodríguez,ARG,MF,30,1994,12.8,569,554,15,14,1,5,5,1,0,0,0,0,480,0,13
ENG-Premier League,2425,West Ham,James Ward-Prowse,ENG,MF,29,1994,11.5,768,699,64,28,0,9,49,1,34,18,14,1,677,5,4
ENG-Premier League,2425,West Ham,Jarrod Bowen,ENG,"FW,MF",27,1996,33.0,815,722,87,6,7,4,106,3,44,28,15,0,584,6,44
ENG-Premier League,2425,West Ham,Jean-Clair Todibo,FRA,DF,24,1999,20.3,1082,1046,33,28,0,4,3,5,0,0,0,0,951,3,7
ENG-Premier League,2425,West Ham,Kaelan Casey,ENG,DF,19,2004,0.0,0,0,0,0,0,0,0,0,0,0,0,0,0,0,0
ENG-Premier League,2425,West Ham,Konstantinos Mavropanos,GRE,DF,26,1997,22.7,1265,1203,58,39,1,24,2,15,0,0,0,0,1092,4,10
ENG-Premier League,2425,West Ham,Lewis Orford,ENG,MF,18,2006,0.5,38,36,2,2,0,0,1,0,0,0,0,0,33,0,0
ENG-Premier League,2425,West Ham,Lucas Paquetá,BRA,"MF,FW",26,1997,26.4,1456,1367,81,35,18,12,29,12,4,1,3,0,1126,8,26
ENG-Premier League,2425,West Ham,Luis Guilherme,BRA,"MF,FW",18,2006,1.7,67,64,3,0,0,0,8,1,2,0,2,0,58,0,2
ENG-Premier League,2425,West Ham,Max Kilman,ENG,DF,27,1997,37.2,1958,1916,37,25,0,12,4,1,0,0,0,0,1697,5,9
ENG-Premier League,2425,West Ham,Michail Antonio,JAM,FW,34,1990,9.3,188,175,11,0,3,6,25,7,0,0,0,0,114,2,14
ENG-Premier League,2425,West Ham,Mohammed Kudus,GHA,"FW,MF",23,2000,28.8,855,837,16,5,2,13,81,3,1,0,0,0,715,2,29
ENG-Premier League,2425,West Ham,Niclas Füllkrug,GER,FW,31,1993,8.8,198,190,7,0,0,2,1,0,0,0,0,0,133,1,7
ENG-Premier League,2425,West Ham,Oliver Scarles,ENG,"DF,FW",18,2005,7.4,372,333,36,4,1,1,15,32,0,0,0,0,293,3,5
ENG-Premier League,2425,West Ham,Tomáš Souček,CZE,MF,29,1995,28.5,969,946,20,17,0,11,14,3,0,0,0,0,715,3,26
ENG-Premier League,2425,West Ham,Vladimír Coufal,CZE,DF,31,1992,11.9,598,490,106,11,0,0,28,95,0,0,0,0,470,2,11
ENG-Premier League,2425,West Ham,Łukasz Fabiański,POL,GK,39,1985,12.9,495,351,143,43,0,0,0,0,0,0,0,0,332,1,0
ENG-Premier League,2425,Wolves,Alfie Pond,ENG,DF,20,2004,0.0,1,1,0,0,0,0,0,0,0,0,0,0,1,0,0
ENG-Premier League,2425,Wolves,André,BRA,MF,23,2001,27.5,1342,1308,32,28,5,15,0,2,0,0,0,0,1247,2,14
ENG-Premier League,2425,Wolves,Boubacar Traoré,MLI,MF,22,2001,0.0,0,0,0,0,0,0,0,0,0,0,0,0,0,0,0
ENG-Premier League,2425,Wolves,Carlos Forbs,POR,"MF,FW",20,2004,2.7,91,89,2,0,0,0,9,2,0,0,0,0,60,0,9
ENG-Premier League,2425,Wolves,Chiquinho,POR,MF,24,2000,0.1,3,3,0,0,0,0,1,0,0,0,0,0,3,0,0
ENG-Premier League,2425,Wolves,Craig Dawson,ENG,DF,34,1990,10.8,559,528,30,20,1,11,0,0,0,0,0,0,484,1,0
ENG-Premier League,2425,Wolves,Daniel Bentley,ENG,GK,31,1993,2.0,65,45,20,7,0,0,0,0,0,0,0,0,49,0,0
ENG-Premier League,2425,Wolves,Daniel Podence,POR,"MF,FW",28,1995,0.5,16,15,1,1,0,0,1,0,0,0,0,0,11,0,2
ENG-Premier League,2425,Wolves,Emmanuel Agbadou,CIV,DF,27,1997,15.7,1001,955,43,28,1,11,2,0,0,0,0,0,855,3,5
ENG-Premier League,2425,Wolves,Gonçalo Guedes,POR,"MF,FW",27,1996,11.1,349,312,34,0,1,5,22,14,1,1,0,0,259,3,10
ENG-Premier League,2425,Wolves,Hwang Hee-chan,KOR,"MF,FW",28,1996,7.3,204,189,14,2,1,0,8,6,0,0,0,0,166,1,9
ENG-Premier League,2425,Wolves,Jean-Ricner Bellegarde,FRA,"MF,FW",26,1998,18.6,599,575,23,9,5,4,44,3,5,4,0,0,475,1,21
ENG-Premier League,2425,Wolves,José Sá,POR,GK,31,1993,29.0,924,706,215,65,1,0,0,0,0,0,0,0,592,3,1
ENG-Premier League,2425,Wolves,João Gomes,BRA,MF,23,2001,33.0,1623,1564,56,27,5,9,29,17,1,1,0,0,1380,3,24
ENG-Premier League,2425,Wolves,Jørgen Strand Larsen,NOR,FW,24,2000,28.7,457,443,14,0,1,2,6,0,0,0,0,0,295,0,19
ENG-Premier League,2425,Wolves,Mario Lemina,GAB,"MF,DF",30,1993,15.2,613,582,26,9,6,4,10,9,0,0,0,0,493,5,7
ENG-Premier League,2425,Wolves,Marshall Munetsi,ZIM,"MF,FW",28,1996,12.0,212,205,7,0,1,0,10,1,0,0,0,0,152,0,5
ENG-Premier League,2425,Wolves,Mateus Mane,,MF,,,0.0,5,5,0,0,0,0,0,0,0,0,0,0,4,0,0
ENG-Premier League,2425,Wolves,Matheus Cunha,BRA,"MF,FW",25,1999,28.9,1133,938,185,52,14,15,142,32,73,40,23,3,811,10,34
ENG-Premier League,2425,Wolves,Matt Doherty,IRL,DF,32,1992,23.4,1302,1177,121,55,2,22,22,66,0,0,0,0,1078,4,14
ENG-Premier League,2425,Wolves,Nasser Djiga,BFA,DF,21,2002,0.7,48,45,3,1,0,0,0,2,0,0,0,0,40,0,2
ENG-Premier League,2425,Wolves,Nélson Semedo,POR,DF,30,1993,32.1,1357,1142,210,12,1,5,63,198,0,0,0,0,1096,5,36
ENG-Premier League,2425,Wolves,Pablo Sarabia,ESP,"MF,FW",32,1992,9.0,445,372,65,22,5,2,47,10,24,22,2,0,308,8,19
ENG-Premier League,2425,Wolves,Pedro Lima,BRA,DF,18,2006,0.8,38,31,7,0,0,0,5,7,0,0,0,0,28,0,2
ENG-Premier League,2425,Wolves,Rayan Aït-Nouri,ALG,DF,23,2001,34.5,1721,1397,320,44,3,4,94,246,30,24,1,0,1449,4,42
ENG-Premier League,2425,Wolves,Rodrigo Gomes,POR,"DF,FW",21,2003,9.0,309,267,41,1,1,0,23,39,1,0,1,0,212,1,10
ENG-Premier League,2425,Wolves,Sam Johnstone,ENG,GK,31,1993,7.0,278,230,47,22,0,0,0,0,0,0,0,0,184,1,2
ENG-Premier League,2425,Wolves,Santiago Bueno,URU,DF,25,1998,18.7,842,807,34,21,1,3,0,4,0,0,0,0,741,1,9
ENG-Premier League,2425,Wolves,Tom King,WAL,GK,29,1995,0.0,1,1,0,0,0,0,0,0,0,0,0,0,0,0,0
ENG-Premier League,2425,Wolves,Tommy Doyle,ENG,MF,22,2001,5.4,392,353,35,19,0,6,15,3,12,6,4,0,321,4,8
ENG-Premier League,2425,Wolves,Toti Gomes,POR,DF,25,1999,29.0,1714,1618,95,46,0,3,13,35,0,0,0,0,1473,1,21
ENG-Premier League,2425,Wolves,Yerson Mosquera,COL,DF,23,2001,4.9,240,230,9,4,0,1,2,0,0,0,0,0,205,1,3
