league,season,team,player,nation,pos,age,born,90s,Performance_CrdY,Performance_CrdR,Performance_2CrdY,Performance_Fls,Performance_Fld,Performance_Off,Performance_Crs,Performance_Int,Performance_TklW,Performance_PKwon,Performance_PKcon,Performance_OG,Performance_Recov,Aerial Duels_Won,Aerial Duels_Lost,Aerial Duels_Won%
ENG-Premier League,2425,Arsenal,Ben White,ENG,DF,26,1997,13.3,2,0,0,10,5,1,17,16,14,0,0,0,37,18,9,66.7
ENG-Premier League,2425,Arsenal,Bukayo Saka,ENG,"FW,MF",22,2001,19.2,3,0,0,15,39,7,117,3,15,1,0,0,70,10,20,33.3
ENG-Premier League,2425,Arsenal,David Raya,ESP,GK,28,1995,38.0,3,0,0,1,10,0,0,2,0,0,1,0,41,13,0,100.0
ENG-Premier League,2425,Arsenal,Declan Rice,ENG,MF,25,1999,31.4,7,1,1,21,16,2,164,25,25,0,0,0,156,37,25,59.7
ENG-Premier League,2425,Arsenal,Ethan Nwaneri,ENG,"FW,MF",17,2007,9.9,1,0,0,9,5,6,54,2,7,0,0,0,34,4,8,33.3
ENG-Premier League,2425,Arsenal,Gabriel Jesus,BRA,FW,27,1997,6.8,4,0,0,14,10,9,7,4,6,0,0,0,28,9,18,33.3
ENG-Premier League,2425,Arsenal,Gabriel Magalhães,BRA,DF,26,1997,26.3,4,0,0,19,19,0,9,16,15,1,0,0,63,53,37,58.9
ENG-Premier League,2425,Arsenal,Gabriel Martinelli,BRA,"FW,MF",23,2001,25.4,1,0,0,16,21,8,92,5,15,0,0,0,78,17,39,30.4
ENG-Premier League,2425,Arsenal,Jakub Kiwior,POL,DF,24,2000,12.5,1,0,0,10,4,1,2,6,8,0,0,0,31,11,13,45.8
ENG-Premier League,2425,Arsenal,Jorginho,ITA,MF,32,1991,7.8,5,0,0,15,17,0,1,7,4,0,0,0,55,1,6,14.3
ENG-Premier League,2425,Arsenal,Jurriën Timber,NED,DF,23,2001,26.9,7,0,0,31,29,6,28,22,38,0,0,0,94,22,20,52.4
ENG-Premier League,2425,Arsenal,Kai Havertz,GER,"FW,MF",25,1999,20.8,5,0,0,38,23,14,11,6,9,0,0,0,41,63,78,44.7
ENG-Premier League,2425,Arsenal,Kieran Tierney,SCO,"DF,FW",27,1997,2.9,0,0,0,1,2,2,14,3,5,0,0,0,6,5,5,50.0
ENG-Premier League,2425,Arsenal,Leandro Trossard,BEL,FW,29,1994,28.3,4,1,1,27,46,6,86,9,20,0,0,0,104,6,24,20.0
ENG-Premier League,2425,Arsenal,Martin Ødegaard,NOR,MF,25,1998,25.8,4,0,0,12,23,1,86,6,11,0,0,0,97,8,7,53.3
ENG-Premier League,2425,Arsenal,Mikel Merino,ESP,"MF,FW",28,1996,17.6,4,1,1,41,23,7,13,15,28,0,0,0,86,59,55,51.8
ENG-Premier League,2425,Arsenal,Myles Lewis-Skelly,ENG,DF,17,2006,15.2,3,2,0,11,47,0,10,7,14,0,1,0,53,11,10,52.4
ENG-Premier League,2425,Arsenal,Nathan Butler-Oyedeji,ENG,FW,21,2003,0.1,0,0,0,0,0,0,0,0,0,0,0,0,0,0,0,
ENG-Premier League,2425,Arsenal,Oleksandr Zinchenko,UKR,"DF,MF",27,1996,5.9,1,0,0,8,3,1,13,5,1,0,0,0,19,12,11,52.2
ENG-Premier League,2425,Arsenal,Raheem Sterling,ENG,"FW,MF",29,1994,5.5,1,0,0,12,8,4,16,1,4,0,0,0,16,1,3,25.0
ENG-Premier League,2425,Arsenal,Reiss Nelson,ENG,FW,24,1999,0.0,0,0,0,1,1,0,0,0,0,0,0,0,0,0,0,
ENG-Premier League,2425,Arsenal,Riccardo Calafiori,ITA,DF,22,2002,10.9,4,0,0,16,6,3,11,9,19,0,0,0,35,22,14,61.1
ENG-Premier League,2425,Arsenal,Takehiro Tomiyasu,JPN,DF,25,1998,0.1,0,0,0,0,0,0,0,0,0,0,0,0,0,0,0,
ENG-Premier League,2425,Arsenal,Thomas Partey,GHA,"MF,DF",31,1993,31.1,4,0,0,45,31,1,12,35,53,0,0,0,138,28,27,50.9
ENG-Premier League,2425,Arsenal,William Saliba,FRA,DF,23,2001,33.8,2,1,0,28,17,1,3,21,37,0,1,0,154,61,36,62.9
ENG-Premier League,2425,Aston Villa,Amadou Onana,BEL,MF,22,2001,18.0,4,0,0,32,30,0,2,26,30,0,0,0,72,32,21,60.4
ENG-Premier League,2425,Aston Villa,Andrés García,ESP,"DF,MF",21,2003,3.5,0,0,0,1,0,0,18,2,5,0,0,0,15,0,6,0.0
ENG-Premier League,2425,Aston Villa,Axel Disasi,FRA,DF,26,1998,5.4,2,0,0,3,2,2,1,5,5,0,0,0,15,8,6,57.1
ENG-Premier League,2425,Aston Villa,Boubacar Kamara,FRA,MF,24,1999,19.2,2,0,0,30,35,0,1,19,21,0,0,0,87,21,26,44.7
ENG-Premier League,2425,Aston Villa,Diego Carlos,BRA,DF,31,1993,9.2,1,0,0,11,1,1,0,5,3,0,0,0,36,11,10,52.4
ENG-Premier League,2425,Aston Villa,Donyell Malen,NED,FW,25,1999,3.4,0,0,0,1,5,2,8,0,4,0,0,0,9,4,4,50.0
ENG-Premier League,2425,Aston Villa,Emi Buendía,ARG,"MF,FW",27,1996,1.1,1,0,0,4,6,0,0,0,6,0,0,0,8,0,2,0.0
ENG-Premier League,2425,Aston Villa,Emiliano Martínez,ARG,GK,31,1992,35.5,5,1,0,2,6,0,0,0,3,0,0,0,34,10,1,90.9
ENG-Premier League,2425,Aston Villa,Ezri Konsa,ENG,DF,26,1997,32.6,1,0,0,9,47,1,5,24,18,0,0,0,97,31,23,57.4
ENG-Premier League,2425,Aston Villa,Ian Maatsen,NED,DF,22,2002,12.7,2,0,0,11,9,3,51,15,17,0,1,0,67,10,6,62.5
ENG-Premier League,2425,Aston Villa,Jacob Ramsey,ENG,"FW,MF",23,2001,18.0,4,1,1,13,28,5,12,8,15,1,0,0,83,7,13,35.0
ENG-Premier League,2425,Aston Villa,Jaden Philogene Bidace,ENG,"FW,MF",22,2002,3.7,4,1,1,12,8,1,4,3,5,0,0,0,21,0,5,0.0
ENG-Premier League,2425,Aston Villa,John McGinn,SCO,"MF,FW",29,1994,24.7,7,0,0,43,69,3,60,14,24,1,0,0,100,17,12,58.6
ENG-Premier League,2425,Aston Villa,Jáder Durán,COL,FW,20,2003,7.1,3,1,0,14,15,5,3,0,7,0,0,0,19,19,19,50.0
ENG-Premier League,2425,Aston Villa,Kosta Nedeljković,SRB,DF,18,2005,1.4,0,0,0,0,1,0,1,0,5,0,0,0,4,0,1,0.0
ENG-Premier League,2425,Aston Villa,Lamare Bogarde,NED,"DF,MF",20,2004,5.3,2,0,0,8,11,0,0,1,6,0,0,0,13,6,6,50.0
ENG-Premier League,2425,Aston Villa,Leon Bailey,JAM,"FW,MF",26,1997,12.7,3,0,0,12,18,3,34,3,5,1,0,0,59,6,9,40.0
ENG-Premier League,2425,Aston Villa,Lucas Digne,FRA,DF,31,1993,26.1,4,0,0,21,16,7,140,25,38,0,0,0,104,37,28,56.9
ENG-Premier League,2425,Aston Villa,Marco Asensio,ESP,MF,28,1996,8.3,2,0,0,11,8,2,38,2,5,0,0,0,28,0,1,0.0
ENG-Premier League,2425,Aston Villa,Marcus Rashford,ENG,FW,26,1997,4.9,0,0,0,1,3,1,28,1,7,0,0,0,14,1,8,11.1
ENG-Premier League,2425,Aston Villa,Matty Cash,POL,DF,26,1997,23.0,7,0,0,27,20,1,40,23,32,0,2,0,81,20,20,50.0
ENG-Premier League,2425,Aston Villa,Morgan Rogers,ENG,"FW,MF",22,2002,34.6,10,0,0,50,51,2,27,6,22,1,0,0,119,13,52,20.0
ENG-Premier League,2425,Aston Villa,Ollie Watkins,ENG,FW,28,1995,28.9,2,0,0,29,33,16,7,8,7,2,0,0,43,52,71,42.3
ENG-Premier League,2425,Aston Villa,Pau Torres,ESP,DF,27,1997,22.4,2,0,0,8,7,0,3,10,15,0,0,0,62,18,29,38.3
ENG-Premier League,2425,Aston Villa,Robin Olsen,SWE,GK,34,1990,2.5,0,0,0,0,0,0,0,0,0,0,0,0,2,0,0,
ENG-Premier League,2425,Aston Villa,Ross Barkley,ENG,MF,30,1993,6.5,3,0,0,8,3,0,1,10,3,0,0,0,43,6,4,60.0
ENG-Premier League,2425,Aston Villa,Tyrone Mings,ENG,DF,31,1993,12.4,1,0,0,4,11,0,1,7,6,0,0,0,38,27,22,55.1
ENG-Premier League,2425,Aston Villa,Youri Tielemans,BEL,MF,27,1997,33.6,4,0,0,41,56,0,119,23,58,0,0,0,145,22,18,55.0
ENG-Premier League,2425,Bournemouth,Adam Smith,ENG,DF,33,1991,17.7,7,0,0,19,12,0,33,15,12,0,0,0,50,14,15,48.3
ENG-Premier League,2425,Bournemouth,Alex Scott,ENG,MF,20,2003,8.4,3,0,0,17,26,0,7,10,14,0,0,0,52,7,7,50.0
ENG-Premier League,2425,Bournemouth,Antoine Semenyo,GHA,FW,24,2000,35.6,9,0,0,73,37,15,59,11,35,1,0,0,158,66,76,46.5
ENG-Premier League,2425,Bournemouth,Ben Winterburn,ENG,"MF,FW",19,2004,0.3,0,0,0,0,1,0,0,2,0,0,0,0,2,1,0,100.0
ENG-Premier League,2425,Bournemouth,Dango Ouattara,BFA,FW,22,2002,22.3,3,0,0,16,19,14,88,11,26,0,0,0,92,45,63,41.7
ENG-Premier League,2425,Bournemouth,Daniel Jebbison,CAN,FW,20,2003,1.3,1,0,0,2,4,0,3,1,3,0,0,0,10,2,10,16.7
ENG-Premier League,2425,Bournemouth,David Brooks,WAL,"FW,MF",27,1997,10.7,3,0,0,11,18,0,52,5,6,0,0,0,50,7,10,41.2
ENG-Premier League,2425,Bournemouth,Dean Huijsen,ESP,DF,19,2005,27.0,10,0,0,31,10,2,12,51,26,0,0,0,105,68,44,60.7
ENG-Premier League,2425,Bournemouth,Enes Ünal,TUR,"FW,MF",27,1997,3.8,2,0,0,6,9,1,4,0,0,0,0,0,16,24,22,52.2
ENG-Premier League,2425,Bournemouth,Evanilson,BRA,FW,24,1999,25.8,1,1,0,37,53,20,0,1,10,5,0,0,67,42,62,40.4
ENG-Premier League,2425,Bournemouth,Illia Zabarnyi,UKR,DF,21,2002,34.5,4,1,0,20,7,0,6,41,36,0,0,0,157,77,44,63.6
ENG-Premier League,2425,Bournemouth,James Hill,ENG,DF,22,2002,5.0,1,0,0,7,5,0,10,9,8,0,0,0,13,14,12,53.8
ENG-Premier League,2425,Bournemouth,Julian Araujo,MEX,DF,22,2001,5.5,2,0,0,7,2,1,9,6,5,0,0,0,29,3,9,25.0
ENG-Premier League,2425,Bournemouth,Julio Soler,ARG,"DF,FW",19,2005,0.1,0,0,0,0,1,0,1,0,1,0,0,0,0,0,0,
ENG-Premier League,2425,Bournemouth,Justin Kluivert,NED,MF,25,1999,26.0,8,0,0,47,33,5,85,14,11,1,0,0,78,8,28,22.2
ENG-Premier League,2425,Bournemouth,Kepa Arrizabalaga,ESP,GK,29,1994,31.0,3,0,0,2,6,0,0,0,0,0,2,0,56,7,1,87.5
ENG-Premier League,2425,Bournemouth,Lewis Cook,ENG,"MF,DF",27,1997,33.1,8,1,0,49,10,3,132,41,42,0,1,0,187,41,34,54.7
ENG-Premier League,2425,Bournemouth,Luis Sinisterra,COL,"FW,MF",25,1999,2.6,0,0,0,4,2,1,7,1,2,0,0,0,17,3,7,30.0
ENG-Premier League,2425,Bournemouth,Marcos Senesi,ARG,DF,27,1997,12.3,5,0,0,22,8,0,11,14,21,0,0,0,71,32,29,52.5
ENG-Premier League,2425,Bournemouth,Marcus Tavernier,ENG,"FW,MF",25,1999,21.5,6,0,0,34,28,4,108,5,24,0,0,0,119,26,33,44.1
ENG-Premier League,2425,Bournemouth,Mark Travers,IRL,GK,25,1999,5.0,0,0,0,0,1,0,0,0,0,0,0,0,3,1,0,100.0
ENG-Premier League,2425,Bournemouth,Max Aarons,ENG,DF,24,2000,1.0,0,0,0,0,2,0,2,1,2,0,0,0,7,0,0,
ENG-Premier League,2425,Bournemouth,Milos Kerkez,HUN,DF,20,2003,37.1,4,0,0,30,50,3,142,45,26,0,0,0,169,28,49,36.4
ENG-Premier League,2425,Bournemouth,Neto,BRA,GK,35,1989,2.0,0,0,0,0,2,0,0,0,0,0,0,0,3,0,0,
ENG-Premier League,2425,Bournemouth,Philip Billing,DEN,MF,28,1996,2.0,1,0,0,3,2,0,10,5,5,0,0,0,14,6,4,60.0
ENG-Premier League,2425,Bournemouth,Remy Rees-Dottin,ENG,FW,18,2006,0.0,0,0,0,0,0,0,0,0,0,0,0,0,0,0,0,
ENG-Premier League,2425,Bournemouth,Ryan Christie,SCO,MF,29,1995,23.5,9,0,0,43,31,1,48,30,33,0,0,0,182,20,28,41.7
ENG-Premier League,2425,Bournemouth,Tyler Adams,USA,MF,25,1999,21.8,7,0,0,45,21,0,3,32,50,0,1,0,114,31,18,63.3
ENG-Premier League,2425,Bournemouth,Zain Silcott-Duberry,MSR,FW,19,2005,0.0,0,0,0,0,0,0,0,0,1,0,0,0,0,0,1,0.0
ENG-Premier League,2425,Brentford,Ben Mee,ENG,DF,34,1989,2.0,2,0,0,5,0,0,0,4,2,0,0,0,11,5,5,50.0
ENG-Premier League,2425,Brentford,Bryan Mbeumo,CMR,FW,24,1999,37.9,3,0,0,25,44,11,202,14,31,0,0,0,156,34,74,31.5
ENG-Premier League,2425,Brentford,Christian Nørgaard,DEN,MF,30,1994,31.3,8,1,0,44,28,1,17,49,49,0,0,0,193,49,30,62.0
ENG-Premier League,2425,Brentford,Edmond-Paris Maghoma,ENG,"MF,FW",23,2001,1.3,0,0,0,2,4,0,3,1,1,0,0,0,7,1,3,25.0
ENG-Premier League,2425,Brentford,Ethan Pinnock,JAM,DF,31,1993,21.3,2,0,0,8,4,0,9,24,19,0,1,1,50,63,43,59.4
ENG-Premier League,2425,Brentford,Fabio Carvalho,POR,"FW,MF",21,2002,5.1,1,0,0,5,10,1,10,3,9,0,0,0,30,2,6,25.0
ENG-Premier League,2425,Brentford,Frank Onyeka,NGA,MF,26,1998,0.3,0,0,0,2,0,0,0,0,0,0,0,0,2,0,0,
ENG-Premier League,2425,Brentford,Gustavo Nunes,BRA,"FW,MF",18,2005,0.1,0,0,0,0,0,0,0,0,2,0,0,0,0,0,0,
ENG-Premier League,2425,Brentford,Hákon Rafn Valdimarsson,ISL,GK,22,2001,1.6,0,0,0,0,0,0,0,0,0,0,0,0,1,1,0,100.0
ENG-Premier League,2425,Brentford,Jayden Meghoma,ENG,DF,18,2006,0.1,0,0,0,0,0,0,0,0,0,0,0,0,1,0,0,
ENG-Premier League,2425,Brentford,Keane Lewis-Potter,ENG,"DF,FW",23,2001,34.4,7,0,0,18,31,4,78,21,27,1,0,0,146,27,35,43.5
ENG-Premier League,2425,Brentford,Kevin Schade,GER,FW,22,2001,25.5,3,0,0,21,38,13,38,5,25,1,0,0,83,90,80,52.9
ENG-Premier League,2425,Brentford,Kim Jisoo,KOR,DF,19,2004,0.3,0,0,0,1,0,0,0,0,0,0,0,0,0,0,0,
ENG-Premier League,2425,Brentford,Kristoffer Ajer,NOR,DF,26,1998,16.0,5,0,0,13,6,2,14,12,18,0,0,0,42,27,23,54.0
ENG-Premier League,2425,Brentford,Mads Roerslev,DEN,DF,25,1999,12.2,2,0,0,6,10,0,31,4,8,0,0,0,39,10,14,41.7
ENG-Premier League,2425,Brentford,Mark Flekken,NED,GK,31,1993,36.4,1,0,0,0,3,0,0,0,4,0,0,0,39,4,0,100.0
ENG-Premier League,2425,Brentford,Mathias Jensen,DEN,MF,28,1996,9.6,2,0,0,7,10,0,33,8,10,0,0,0,48,8,5,61.5
ENG-Premier League,2425,Brentford,Michael Kayode,ITA,DF,20,2004,5.9,2,0,0,8,3,0,10,7,11,0,0,0,34,9,4,69.2
ENG-Premier League,2425,Brentford,Mikkel Damsgaard,DEN,"MF,FW",24,2000,32.3,2,0,0,18,27,6,144,27,44,0,0,0,179,12,27,30.8
ENG-Premier League,2425,Brentford,Nathan Collins,IRL,DF,23,2001,38.0,5,0,0,29,31,6,8,34,24,2,0,0,162,117,69,62.9
ENG-Premier League,2425,Brentford,Rico Henry,ENG,DF,27,1997,1.1,0,0,0,2,2,0,2,1,2,0,0,0,7,2,1,66.7
ENG-Premier League,2425,Brentford,Ryan Trevitt,ENG,MF,21,2003,0.0,0,0,0,0,0,0,0,0,1,0,0,0,2,0,0,
ENG-Premier League,2425,Brentford,Sepp van den Berg,NED,DF,22,2001,28.7,3,0,0,23,5,1,7,21,24,1,0,0,97,94,77,55.0
ENG-Premier League,2425,Brentford,Thiago,BRA,"FW,MF",23,2001,1.9,0,0,0,3,3,1,2,2,3,0,0,0,12,7,5,58.3
ENG-Premier League,2425,Brentford,Vitaly Janelt,GER,MF,26,1998,25.0,3,0,0,24,15,1,30,27,22,0,0,2,107,19,11,63.3
ENG-Premier League,2425,Brentford,Yehor Yarmoliuk,UKR,MF,20,2004,16.1,6,0,0,19,13,2,16,13,28,0,0,0,113,8,10,44.4
ENG-Premier League,2425,Brentford,Yoane Wissa,COD,FW,27,1996,32.4,5,0,0,34,51,14,20,8,12,1,0,0,81,30,36,45.5
ENG-Premier League,2425,Brentford,Yunus Emre Konak,TUR,"FW,MF",18,2006,0.5,0,0,0,3,1,0,0,0,4,0,0,0,2,5,9,35.7
ENG-Premier League,2425,Brighton,Adam Webster,ENG,DF,29,1995,9.9,1,0,0,7,2,1,2,20,6,0,1,0,35,24,6,80.0
ENG-Premier League,2425,Brighton,Bart Verbruggen,NED,GK,21,2002,36.0,5,0,0,0,2,0,0,0,0,0,0,0,59,10,1,90.9
ENG-Premier League,2425,Brighton,Billy Gilmour,SCO,MF,23,2001,1.1,0,0,0,2,3,0,1,0,3,0,0,0,5,0,0,
ENG-Premier League,2425,Brighton,Brajan Gruda,GER,"MF,FW",20,2004,7.6,0,0,0,7,12,1,29,2,8,0,0,0,26,3,5,37.5
ENG-Premier League,2425,Brighton,Carlos Baleba,CMR,MF,20,2004,29.6,8,1,1,40,48,0,9,46,46,0,2,0,197,39,26,60.0
ENG-Premier League,2425,Brighton,Danny Welbeck,ENG,FW,33,1990,23.5,5,0,0,11,23,4,3,5,16,0,0,0,46,17,32,34.7
ENG-Premier League,2425,Brighton,Diego Gómez,PAR,MF,21,2003,5.7,0,0,0,8,3,1,12,8,13,1,0,0,32,10,4,71.4
ENG-Premier League,2425,Brighton,Eiran Cashin,IRL,DF,22,2001,0.2,0,0,0,0,0,0,1,0,0,0,0,0,1,2,1,66.7
ENG-Premier League,2425,Brighton,Evan Ferguson,IRL,FW,19,2004,2.7,0,0,0,3,1,0,0,0,3,0,0,0,10,4,9,30.8
ENG-Premier League,2425,Brighton,Ferdi Kadioglu,TUR,"DF,MF",24,1999,4.3,1,0,0,5,3,1,9,8,6,0,0,0,14,3,1,75.0
ENG-Premier League,2425,Brighton,Georginio Rutter,FRA,"MF,FW",22,2002,18.4,2,0,0,34,45,7,9,10,15,0,1,0,66,25,46,35.2
ENG-Premier League,2425,Brighton,Harry Howell,ENG,FW,15,2008,0.1,0,0,0,0,0,0,0,0,1,0,0,0,0,0,0,
ENG-Premier League,2425,Brighton,Igor,BRA,DF,26,1998,10.7,4,0,0,9,6,0,4,4,5,0,0,0,42,8,6,57.1
ENG-Premier League,2425,Brighton,Jack Hinshelwood,ENG,"MF,DF",19,2005,20.5,5,0,0,18,9,0,27,16,19,0,0,0,63,20,16,55.6
ENG-Premier League,2425,Brighton,Jakub Moder,POL,MF,25,1999,0.1,0,0,0,0,0,0,1,0,0,0,0,0,2,0,1,0.0
ENG-Premier League,2425,Brighton,James Milner,ENG,MF,38,1986,1.9,1,0,0,3,1,0,8,2,2,0,0,0,2,0,1,0.0
ENG-Premier League,2425,Brighton,Jan Paul van Hecke,NED,DF,24,2000,32.9,8,1,1,25,24,0,11,24,29,0,0,0,131,82,50,62.1
ENG-Premier League,2425,Brighton,Jason Steele,ENG,GK,33,1990,2.0,0,0,0,0,1,0,0,0,0,0,0,0,7,1,1,50.0
ENG-Premier League,2425,Brighton,Jeremy Sarmiento,ECU,MF,22,2002,0.1,0,0,0,0,0,0,0,0,0,0,0,0,1,0,0,
ENG-Premier League,2425,Brighton,João Pedro,BRA,"FW,MF",22,2001,21.6,4,1,0,26,46,2,22,9,12,3,1,0,59,41,43,48.8
ENG-Premier League,2425,Brighton,Joël Veltman,NED,DF,32,1992,18.9,5,0,0,27,44,0,24,19,29,0,1,0,68,21,18,53.8
ENG-Premier League,2425,Brighton,Julio Enciso,PAR,"MF,FW",20,2004,3.3,0,0,0,3,7,0,20,0,0,0,0,0,15,6,5,54.5
ENG-Premier League,2425,Brighton,Kaoru Mitoma,JPN,"FW,MF",27,1997,28.9,1,0,0,40,24,5,75,14,27,0,0,0,99,26,27,49.1
ENG-Premier League,2425,Brighton,Lewis Dunk,ENG,DF,32,1991,23.1,5,0,0,7,11,2,5,13,10,0,0,1,104,51,31,62.2
ENG-Premier League,2425,Brighton,Mats Wieffer,NED,"DF,MF",24,1999,11.3,6,0,0,23,10,1,13,17,34,1,1,0,68,32,25,56.1
ENG-Premier League,2425,Brighton,Matt O'Riley,DEN,MF,23,2000,10.4,1,0,0,16,13,2,51,13,9,1,0,1,29,5,8,38.5
ENG-Premier League,2425,Brighton,Pervis Estupiñán,ECU,DF,26,1998,26.7,5,0,0,36,20,3,119,37,43,0,0,0,147,46,26,63.9
ENG-Premier League,2425,Brighton,Simon Adingra,CIV,"FW,MF",22,2002,12.2,0,0,0,13,4,4,41,8,14,0,0,0,47,7,4,63.6
ENG-Premier League,2425,Brighton,Solly March,ENG,"FW,MF",30,1994,1.9,2,0,0,2,2,3,20,2,3,0,0,0,7,1,2,33.3
ENG-Premier League,2425,Brighton,Tariq Lamptey,GHA,DF,23,2000,9.6,0,0,0,15,10,0,28,7,11,0,1,0,39,1,14,6.7
ENG-Premier League,2425,Brighton,Yankuba Minteh,GAM,"FW,MF",20,2004,20.4,6,0,0,21,11,6,91,11,35,0,0,0,85,17,34,33.3
ENG-Premier League,2425,Brighton,Yasin Ayari,SWE,MF,20,2003,21.8,3,0,0,37,26,3,69,20,32,0,1,0,118,16,20,44.4
ENG-Premier League,2425,Chelsea,Axel Disasi,FRA,DF,26,1998,4.0,1,0,0,2,0,0,0,2,4,0,0,0,15,5,2,71.4
ENG-Premier League,2425,Chelsea,Benoît Badiashile,FRA,DF,23,2001,3.7,0,0,0,6,2,0,0,6,6,0,0,0,18,8,2,80.0
ENG-Premier League,2425,Chelsea,Christopher Nkunku,FRA,FW,26,1997,10.2,2,0,0,16,11,3,4,7,8,0,0,0,29,16,22,42.1
ENG-Premier League,2425,Chelsea,Cole Palmer,ENG,"MF,FW",22,2002,35.5,7,0,0,15,60,7,144,11,20,1,0,0,106,2,7,22.2
ENG-Premier League,2425,Chelsea,Enzo Fernández,ARG,MF,23,2001,32.7,8,0,0,52,54,2,109,13,33,0,0,0,156,14,29,32.6
ENG-Premier League,2425,Chelsea,Filip Jørgensen,DEN,GK,22,2002,6.0,0,0,0,1,1,0,0,0,0,0,1,0,5,0,0,
ENG-Premier League,2425,Chelsea,Jadon Sancho,ENG,FW,24,2000,19.6,2,0,0,6,11,6,25,2,7,2,0,0,99,6,11,35.3
ENG-Premier League,2425,Chelsea,Joshua Acheampong,ENG,DF,18,2006,1.9,1,0,0,0,1,0,0,1,1,0,0,0,7,1,6,14.3
ENG-Premier League,2425,Chelsea,João Félix,POR,"FW,MF",24,1999,4.1,2,0,0,6,17,1,0,3,3,0,0,0,22,4,5,44.4
ENG-Premier League,2425,Chelsea,Kiernan Dewsbury-Hall,ENG,"MF,FW",25,1998,2.9,0,0,0,4,6,0,2,2,5,0,0,0,9,0,1,0.0
ENG-Premier League,2425,Chelsea,Levi Colwill,ENG,DF,21,2003,35.0,9,0,0,45,21,5,13,33,34,0,1,0,121,82,53,60.7
ENG-Premier League,2425,Chelsea,Malo Gusto,FRA,DF,21,2003,20.7,4,0,0,20,20,2,53,24,29,0,0,0,119,9,15,37.5
ENG-Premier League,2425,Chelsea,Marc Cucurella,ESP,DF,26,1998,33.2,10,1,1,37,38,3,31,28,45,0,0,0,130,32,57,36.0
ENG-Premier League,2425,Chelsea,Marc Guiu,ESP,FW,18,2006,0.8,0,0,0,0,0,0,0,0,1,0,0,0,2,0,1,0.0
ENG-Premier League,2425,Chelsea,Mathis Amougou,FRA,MF,18,2006,0.1,0,0,0,0,0,0,0,0,0,0,0,0,2,0,0,
ENG-Premier League,2425,Chelsea,Moisés Caicedo,ECU,"MF,DF",22,2001,37.2,11,0,0,70,58,0,10,49,73,2,1,0,229,35,16,68.6
ENG-Premier League,2425,Chelsea,Mykhailo Mudryk,UKR,FW,23,2001,1.7,0,0,0,2,2,1,7,0,2,0,0,0,9,2,4,33.3
ENG-Premier League,2425,Chelsea,Nicolas Jackson,SEN,FW,23,2001,24.7,7,1,0,35,29,23,3,3,13,0,0,0,48,21,36,36.8
ENG-Premier League,2425,Chelsea,Noni Madueke,ENG,FW,22,2002,22.6,3,0,0,22,25,5,63,10,18,0,0,0,84,11,19,36.7
ENG-Premier League,2425,Chelsea,Pedro Neto,POR,FW,24,2000,25.2,8,0,0,21,33,3,149,9,9,0,0,0,81,11,30,26.8
ENG-Premier League,2425,Chelsea,Reece James,ENG,"DF,MF",24,1999,11.8,1,0,0,8,11,0,43,13,9,0,0,0,66,23,9,71.9
ENG-Premier League,2425,Chelsea,Renato Veiga,POR,"DF,MF",21,2003,2.0,2,0,0,6,1,1,0,1,6,0,0,0,9,3,3,50.0
ENG-Premier League,2425,Chelsea,Robert Sánchez,ESP,GK,26,1997,32.0,5,0,0,2,4,0,0,2,0,0,2,0,43,12,0,100.0
ENG-Premier League,2425,Chelsea,Roméo Lavia,BEL,MF,20,2004,8.9,4,0,0,16,7,0,0,16,13,0,1,0,40,12,6,66.7
ENG-Premier League,2425,Chelsea,Shumaira Mheuka,ENG,MF,16,2007,0.0,0,0,0,0,0,0,0,0,0,0,0,0,0,1,0,100.0
ENG-Premier League,2425,Chelsea,Tosin Adarabioyo,ENG,DF,26,1997,15.7,4,0,0,8,9,1,0,11,13,0,0,0,41,42,28,60.0
ENG-Premier League,2425,Chelsea,Trevoh Chalobah,ENG,DF,25,1999,10.1,2,0,0,9,7,0,3,10,7,0,0,0,29,23,12,65.7
ENG-Premier League,2425,Chelsea,Tyrique George,ENG,FW,18,2006,2.0,1,0,0,3,0,2,3,2,0,0,0,0,4,0,4,0.0
ENG-Premier League,2425,Chelsea,Wesley Fofana,FRA,DF,23,2000,13.0,7,0,0,24,16,0,1,14,12,0,0,0,54,27,12,69.2
ENG-Premier League,2425,Crystal Palace,Adam Wharton,ENG,MF,20,2004,14.6,2,0,0,12,21,0,39,20,14,0,0,0,102,7,16,30.4
ENG-Premier League,2425,Crystal Palace,Asher Agbinone,ENG,MF,18,2005,0.1,0,0,0,0,0,0,1,0,1,0,0,0,0,0,1,0.0
ENG-Premier League,2425,Crystal Palace,Ben Chilwell,ENG,DF,27,1996,2.9,1,0,0,2,3,2,7,6,6,0,0,0,20,3,4,42.9
ENG-Premier League,2425,Crystal Palace,Caleb Kporha,ENG,DF,18,2006,0.1,0,0,0,0,0,0,2,0,1,0,0,0,1,0,1,0.0
ENG-Premier League,2425,Crystal Palace,Chadi Riad,MAR,DF,21,2003,1.0,0,0,0,1,0,0,0,2,2,0,0,0,4,2,4,33.3
ENG-Premier League,2425,Crystal Palace,Cheick Doucouré,MLI,MF,24,2000,5.0,1,0,0,7,7,0,1,11,8,0,0,0,31,5,5,50.0
ENG-Premier League,2425,Crystal Palace,Chris Richards,USA,DF,24,2000,21.4,4,1,1,11,5,1,5,19,30,1,0,0,51,48,41,53.9
ENG-Premier League,2425,Crystal Palace,Daichi Kamada,JPN,MF,27,1996,17.4,4,1,0,28,21,2,31,18,29,0,0,0,89,4,13,23.5
ENG-Premier League,2425,Crystal Palace,Daniel Muñoz,COL,DF,28,1996,35.9,10,0,0,56,19,15,74,44,80,0,0,0,171,58,78,42.6
ENG-Premier League,2425,Crystal Palace,Dean Henderson,ENG,GK,27,1997,38.0,3,0,0,0,2,0,0,0,1,0,0,0,26,11,1,91.7
ENG-Premier League,2425,Crystal Palace,Eberechi Eze,ENG,"MF,FW",26,1998,28.8,1,0,0,13,51,9,112,11,22,0,0,0,146,7,37,15.9
ENG-Premier League,2425,Crystal Palace,Eddie Nketiah,ENG,"FW,MF",25,1999,11.5,6,1,1,31,29,5,5,3,8,1,0,0,26,21,38,35.6
ENG-Premier League,2425,Crystal Palace,Ismaila Sarr,SEN,MF,26,1998,30.1,4,0,0,14,56,11,55,9,10,1,0,0,113,37,52,41.6
ENG-Premier League,2425,Crystal Palace,Jean-Philippe Mateta,FRA,FW,27,1997,29.4,2,0,0,27,28,21,26,2,12,0,0,0,68,63,107,37.1
ENG-Premier League,2425,Crystal Palace,Jefferson Lerma,COL,"MF,DF",29,1994,25.3,9,0,0,35,39,0,12,42,17,0,0,0,154,41,39,51.3
ENG-Premier League,2425,Crystal Palace,Jeffrey Schlupp,GHA,"MF,DF",31,1992,1.1,0,0,0,1,0,0,4,0,0,0,0,0,6,3,4,42.9
ENG-Premier League,2425,Crystal Palace,Joachim Andersen,DEN,DF,28,1996,1.0,1,0,0,2,0,0,1,0,1,0,0,0,7,2,0,100.0
ENG-Premier League,2425,Crystal Palace,Joel Ward,ENG,DF,34,1989,0.8,1,0,0,4,0,0,0,0,0,0,0,0,7,1,0,100.0
ENG-Premier League,2425,Crystal Palace,Jordan Ayew,GHA,"FW,MF",32,1991,0.2,1,0,0,1,0,0,1,0,0,0,0,0,1,1,1,50.0
ENG-Premier League,2425,Crystal Palace,Justin Devenny,NIR,MF,20,2003,5.6,1,0,0,8,0,1,17,0,12,0,0,0,27,2,13,13.3
ENG-Premier League,2425,Crystal Palace,Marc Guéhi,ENG,DF,24,2000,34.0,9,1,1,24,27,1,13,28,34,0,0,3,146,68,58,54.0
ENG-Premier League,2425,Crystal Palace,Matheus França,BRA,"MF,FW",20,2004,0.6,0,0,0,0,0,0,1,1,0,0,0,0,3,1,2,33.3
ENG-Premier League,2425,Crystal Palace,Maxence Lacroix,FRA,DF,24,2000,34.6,5,0,0,34,19,1,7,54,41,0,1,0,130,60,50,54.5
ENG-Premier League,2425,Crystal Palace,Nathaniel Clyne,ENG,"DF,MF",33,1991,5.4,1,0,0,2,2,0,7,3,8,0,0,0,10,1,7,12.5
ENG-Premier League,2425,Crystal Palace,Odsonne Édouard,FRA,"MF,FW",26,1998,1.3,0,0,0,4,0,2,1,0,0,0,0,0,5,1,4,20.0
ENG-Premier League,2425,Crystal Palace,Romain Esse,ENG,MF,19,2005,1.5,0,0,0,2,3,0,0,1,6,0,0,0,9,3,2,60.0
ENG-Premier League,2425,Crystal Palace,Trevoh Chalobah,ENG,DF,25,1999,11.8,1,0,0,10,15,1,7,19,16,0,0,0,56,22,19,53.7
ENG-Premier League,2425,Crystal Palace,Tyrick Mitchell,ENG,DF,24,1999,34.4,2,0,0,23,25,2,105,19,55,1,0,0,168,20,21,48.8
ENG-Premier League,2425,Crystal Palace,Will Hughes,ENG,MF,29,1995,23.4,11,0,0,65,31,0,71,22,36,0,1,0,121,19,18,51.4
ENG-Premier League,2425,Everton,Abdoulaye Doucouré,MLI,MF,31,1993,28.5,5,1,1,49,5,10,23,10,28,0,0,0,150,30,44,40.5
ENG-Premier League,2425,Everton,Armando Broja,ALB,FW,22,2001,3.7,1,0,0,6,4,3,1,1,1,0,0,0,9,18,21,46.2
ENG-Premier League,2425,Everton,Ashley Young,ENG,DF,39,1985,20.8,7,1,0,30,22,0,75,25,33,0,0,0,75,10,11,47.6
ENG-Premier League,2425,Everton,Beto,GNB,FW,26,1998,17.0,2,0,0,33,23,16,4,4,6,0,0,0,40,99,105,48.5
ENG-Premier League,2425,Everton,Carlos Alcaraz,ARG,"FW,MF",21,2002,8.5,4,0,0,13,12,1,11,5,5,0,0,0,37,14,8,63.6
ENG-Premier League,2425,Everton,Dominic Calvert-Lewin,ENG,FW,27,1997,17.9,2,0,0,27,23,27,6,7,7,0,0,0,35,85,81,51.2
ENG-Premier League,2425,Everton,Dwight McNeil,ENG,"MF,FW",24,1999,15.2,1,0,0,6,18,1,105,6,8,0,0,0,76,3,17,15.0
ENG-Premier League,2425,Everton,Harrison Armstrong,ENG,MF,17,2007,0.5,1,0,0,2,2,0,1,0,0,0,0,0,2,0,2,0.0
ENG-Premier League,2425,Everton,Idrissa Gana Gueye,SEN,MF,34,1989,34.0,9,0,0,55,46,0,7,48,80,0,0,0,194,24,15,61.5
ENG-Premier League,2425,Everton,Iliman Ndiaye,SEN,FW,24,2000,27.0,3,0,0,24,52,5,38,20,28,0,0,0,172,6,19,24.0
ENG-Premier League,2425,Everton,Jack Harrison,ENG,FW,27,1996,23.1,0,0,0,13,28,4,131,10,22,1,0,0,73,4,28,12.5
ENG-Premier League,2425,Everton,Jake O'Brien,IRL,DF,23,2001,17.5,5,0,0,13,5,3,18,4,17,0,0,0,52,41,30,57.7
ENG-Premier League,2425,Everton,James Garner,ENG,"MF,DF",23,2001,17.7,5,0,0,20,15,0,57,23,31,0,0,0,73,11,13,45.8
ENG-Premier League,2425,Everton,James Tarkowski,ENG,DF,31,1992,32.5,6,0,0,35,28,2,1,41,40,0,1,0,98,102,33,75.6
ENG-Premier League,2425,Everton,Jarrad Branthwaite,ENG,DF,22,2002,27.9,4,0,0,12,18,1,5,27,20,0,0,0,93,61,42,59.2
ENG-Premier League,2425,Everton,Jesper Lindstrøm,DEN,FW,24,2000,13.8,2,0,0,15,10,1,71,12,25,0,0,0,70,6,12,33.3
ENG-Premier League,2425,Everton,Jordan Pickford,ENG,GK,30,1994,38.0,7,0,0,0,7,0,0,1,0,0,0,0,36,5,1,83.3
ENG-Premier League,2425,Everton,Mason Holgate,JAM,"FW,DF",27,1996,0.1,0,0,0,0,0,0,0,0,0,0,0,0,0,0,1,0.0
ENG-Premier League,2425,Everton,Michael Keane,ENG,DF,31,1993,11.7,5,0,0,9,0,0,1,16,9,0,0,0,26,26,20,56.5
ENG-Premier League,2425,Everton,Nathan Patterson,SCO,DF,22,2001,3.9,1,0,0,6,1,0,14,2,6,0,0,0,12,1,7,12.5
ENG-Premier League,2425,Everton,Orel Mangala,BEL,MF,26,1998,14.0,2,0,0,24,17,2,6,21,8,0,0,0,49,6,8,42.9
ENG-Premier League,2425,Everton,Roman Dixon,ENG,DF,19,2004,1.0,0,0,0,0,0,0,0,1,5,0,0,0,6,0,3,0.0
ENG-Premier League,2425,Everton,Séamus Coleman,IRL,DF,35,1988,2.4,1,0,0,0,1,0,4,1,2,0,0,0,7,2,1,66.7
ENG-Premier League,2425,Everton,Tim Iroegbunam,ENG,MF,21,2003,6.4,4,0,0,15,12,0,1,16,14,0,0,0,51,11,4,73.3
ENG-Premier League,2425,Everton,Vitaliy Mykolenko,UKR,DF,25,1999,34.2,4,0,0,22,34,3,101,44,38,0,1,0,88,47,37,56.0
ENG-Premier League,2425,Everton,Youssef Chermiti,POR,"FW,MF",20,2004,0.5,1,0,0,1,1,2,1,0,0,0,0,0,0,2,1,66.7
ENG-Premier League,2425,Fulham,Adama Traoré,ESP,"FW,MF",28,1996,19.7,3,0,0,24,32,1,100,1,13,0,0,0,87,25,26,49.0
ENG-Premier League,2425,Fulham,Alex Iwobi,NGA,"FW,MF",28,1996,33.1,1,0,0,19,18,5,126,14,25,0,0,0,140,7,31,18.4
ENG-Premier League,2425,Fulham,Andreas Pereira,BRA,MF,28,1996,22.4,7,0,0,28,24,1,171,8,13,1,0,0,100,13,23,36.1
ENG-Premier League,2425,Fulham,Antonee Robinson,USA,DF,26,1997,35.2,8,0,0,31,20,7,170,62,61,0,0,0,157,50,26,65.8
ENG-Premier League,2425,Fulham,Bernd Leno,GER,GK,32,1992,38.0,5,0,0,0,4,0,0,0,2,0,0,0,50,9,1,90.0
ENG-Premier League,2425,Fulham,Calvin Bassey,NGA,DF,24,1999,34.2,7,0,0,26,32,2,8,20,34,0,0,0,168,43,33,56.6
ENG-Premier League,2425,Fulham,Carlos Vinícius,BRA,"MF,FW",29,1995,0.2,0,0,0,0,2,0,0,0,0,0,0,0,0,0,0,
ENG-Premier League,2425,Fulham,Emile Smith Rowe,ENG,MF,24,2000,22.7,3,0,0,19,14,4,16,11,18,0,0,0,75,6,20,23.1
ENG-Premier League,2425,Fulham,Harrison Reed,ENG,MF,29,1995,1.2,2,0,0,6,2,0,6,1,3,0,1,0,10,1,2,33.3
ENG-Premier League,2425,Fulham,Harry Wilson,WAL,"FW,MF",27,1997,12.9,2,0,0,12,22,1,41,7,14,1,0,0,55,5,20,20.0
ENG-Premier League,2425,Fulham,Issa Diop,FRA,DF,27,1997,14.9,2,0,0,10,4,0,1,9,12,0,0,1,45,20,12,62.5
ENG-Premier League,2425,Fulham,Jay Stansfield,ENG,MF,21,2002,0.0,0,0,0,1,0,0,0,0,0,0,0,0,0,0,0,
ENG-Premier League,2425,Fulham,Joachim Andersen,DEN,DF,28,1996,28.7,6,1,0,18,19,0,12,34,18,0,1,1,122,70,39,64.2
ENG-Premier League,2425,Fulham,Jorge Cuenca,ESP,DF,24,1999,3.9,0,0,0,2,2,0,1,2,2,0,0,0,10,6,3,66.7
ENG-Premier League,2425,Fulham,Joshua King,ENG,MF,17,2007,1.4,0,0,0,3,2,0,2,1,5,0,0,0,5,1,2,33.3
ENG-Premier League,2425,Fulham,Kenny Tete,NED,DF,28,1995,19.7,5,0,0,35,16,1,38,32,38,0,0,0,74,24,22,52.2
ENG-Premier League,2425,Fulham,Martial Godo,ENG,"FW,DF",21,2003,0.3,0,0,0,1,0,0,1,1,0,0,0,0,1,0,1,0.0
ENG-Premier League,2425,Fulham,Raúl Jiménez,MEX,FW,33,1991,27.7,4,0,0,39,41,15,23,10,24,1,0,0,80,91,99,47.9
ENG-Premier League,2425,Fulham,Reiss Nelson,ENG,FW,24,1999,5.4,1,0,0,6,9,1,23,5,6,0,0,0,29,0,4,0.0
ENG-Premier League,2425,Fulham,Rodrigo Muniz,BRA,FW,23,2001,10.7,1,0,0,11,31,3,1,5,5,0,0,0,14,67,63,51.5
ENG-Premier League,2425,Fulham,Ryan Sessegnon,ENG,"FW,DF",24,2000,6.4,1,0,0,20,4,1,16,3,13,0,0,0,30,8,11,42.1
ENG-Premier League,2425,Fulham,Sander Berge,NOR,MF,26,1998,24.7,6,0,0,31,10,0,3,21,30,0,0,0,126,28,22,56.0
ENG-Premier League,2425,Fulham,Saša Lukić,SRB,MF,27,1996,26.0,12,0,0,66,26,0,62,28,39,0,1,0,109,19,25,43.2
ENG-Premier League,2425,Fulham,Timothy Castagne,BEL,DF,28,1995,18.3,1,0,0,15,6,1,37,22,29,0,1,0,57,34,35,49.3
ENG-Premier League,2425,Fulham,Tom Cairney,SCO,MF,33,1991,7.0,3,1,0,8,19,0,20,4,5,0,0,0,52,5,9,35.7
ENG-Premier League,2425,Fulham,Willian,BRA,"FW,MF",35,1988,2.9,0,0,0,1,0,0,16,1,2,0,0,0,14,1,3,25.0
ENG-Premier League,2425,Ipswich Town,Alex Palmer,ENG,GK,27,1996,13.0,2,0,0,1,4,0,0,0,0,0,0,0,17,5,0,100.0
ENG-Premier League,2425,Ipswich Town,Ali Al Hamadi,IRQ,FW,22,2002,1.5,3,0,0,8,3,1,0,0,0,0,0,0,4,5,9,35.7
ENG-Premier League,2425,Ipswich Town,Arijanet Muric,KVX,GK,25,1998,18.0,1,0,0,0,4,0,0,0,0,0,0,0,26,11,1,91.7
ENG-Premier League,2425,Ipswich Town,Axel Tuanzebe,COD,DF,26,1997,19.0,5,1,1,17,12,0,10,23,19,0,0,1,49,22,18,55.0
ENG-Premier League,2425,Ipswich Town,Ben Godfrey,ENG,DF,26,1998,1.8,1,0,0,1,0,0,0,2,0,0,0,0,2,3,0,100.0
ENG-Premier League,2425,Ipswich Town,Ben Johnson,ENG,"DF,FW",24,2000,15.0,5,1,1,27,6,1,37,13,22,0,0,0,57,19,18,51.4
ENG-Premier League,2425,Ipswich Town,Cameron Burgess,AUS,DF,28,1995,17.1,0,0,0,6,4,1,0,14,12,0,0,0,44,44,22,66.7
ENG-Premier League,2425,Ipswich Town,Chiedozie Ogbene,IRL,FW,27,1997,2.6,0,0,0,2,7,1,4,1,3,0,0,0,6,1,6,14.3
ENG-Premier League,2425,Ipswich Town,Christian Walton,ENG,GK,28,1995,7.0,0,0,0,0,1,0,0,0,0,0,0,0,6,2,0,100.0
ENG-Premier League,2425,Ipswich Town,Conor Chaplin,ENG,"MF,FW",27,1997,9.5,2,0,0,11,7,0,9,4,5,0,0,0,27,3,9,25.0
ENG-Premier League,2425,Ipswich Town,Conor Townsend,ENG,DF,31,1993,3.7,1,0,0,2,4,0,12,4,8,0,0,0,8,6,4,60.0
ENG-Premier League,2425,Ipswich Town,Dara O'Shea,IRL,DF,25,1999,34.7,6,0,0,21,26,3,8,33,31,0,0,0,110,114,85,57.3
ENG-Premier League,2425,Ipswich Town,George Edmundson,ENG,DF,26,1997,0.0,0,0,0,0,0,0,0,0,0,0,0,0,0,0,0,
ENG-Premier League,2425,Ipswich Town,George Hirst,SCO,FW,25,1999,7.3,3,0,0,13,12,3,3,2,3,0,0,0,12,32,23,58.2
ENG-Premier League,2425,Ipswich Town,Harry Clarke,ENG,DF,23,2001,4.2,3,1,1,5,1,0,5,4,3,0,1,0,17,10,4,71.4
ENG-Premier League,2425,Ipswich Town,Jack Clarke,ENG,"FW,MF",23,2000,13.1,2,0,0,15,23,3,13,7,20,0,0,0,75,7,18,28.0
ENG-Premier League,2425,Ipswich Town,Jack Taylor,IRL,MF,26,1998,9.6,4,0,0,16,5,0,7,9,10,0,0,0,53,7,8,46.7
ENG-Premier League,2425,Ipswich Town,Jacob Greaves,ENG,DF,23,2000,24.5,5,0,0,16,21,1,1,21,21,0,0,0,61,83,40,67.5
ENG-Premier League,2425,Ipswich Town,Jaden Philogene Bidace,ENG,"FW,DF",22,2002,5.3,1,0,0,8,10,1,13,10,7,0,0,0,23,5,3,62.5
ENG-Premier League,2425,Ipswich Town,Jens Cajuste,SWE,MF,24,1999,21.8,2,0,0,24,22,0,10,28,22,0,0,0,107,13,22,37.1
ENG-Premier League,2425,Ipswich Town,Julio Enciso,PAR,"MF,FW",20,2004,9.7,3,0,0,9,21,0,21,1,9,0,1,0,43,8,17,32.0
ENG-Premier League,2425,Ipswich Town,Kalvin Phillips,ENG,MF,28,1995,13.7,6,1,1,28,20,0,20,19,19,0,0,0,68,7,22,24.1
ENG-Premier League,2425,Ipswich Town,Leif Davis,ENG,DF,24,2000,30.5,5,1,0,27,31,5,161,25,27,0,2,0,113,34,23,59.6
ENG-Premier League,2425,Ipswich Town,Liam Delap,ENG,FW,21,2003,28.8,12,0,0,72,51,14,5,2,8,2,0,0,68,55,74,42.6
ENG-Premier League,2425,Ipswich Town,Luke Woolfenden,ENG,DF,25,1998,13.2,2,0,0,5,2,1,0,19,6,0,0,0,38,15,15,50.0
ENG-Premier League,2425,Ipswich Town,Marcus Harness,ENG,MF,28,1996,0.5,0,0,0,0,0,1,0,0,0,0,0,0,2,0,0,
ENG-Premier League,2425,Ipswich Town,Massimo Luongo,AUS,MF,31,1992,2.2,0,0,0,1,2,0,1,2,6,0,0,0,10,2,0,100.0
ENG-Premier League,2425,Ipswich Town,Nathan Broadhead,WAL,"MF,FW",26,1998,7.8,1,0,0,4,13,2,9,4,4,0,0,0,32,1,10,9.1
ENG-Premier League,2425,Ipswich Town,Omari Hutchinson,ENG,"MF,FW",20,2003,28.7,5,0,0,30,46,6,81,11,13,0,0,0,110,6,26,18.8
ENG-Premier League,2425,Ipswich Town,Sam Morsy,EGY,MF,32,1991,30.6,10,0,0,48,27,0,15,29,41,0,1,1,157,18,24,42.9
ENG-Premier League,2425,Ipswich Town,Sammie Szmodics,IRL,"FW,MF",28,1995,11.0,2,0,0,9,8,8,14,6,10,0,1,0,42,6,11,35.3
ENG-Premier League,2425,Ipswich Town,Wes Burns,WAL,"FW,DF",29,1994,10.3,1,0,0,4,11,0,46,10,11,0,0,0,50,8,21,27.6
ENG-Premier League,2425,Leicester City,Abdul Fatawu Issahaku,GHA,FW,20,2004,6.4,0,0,0,11,20,2,30,4,15,0,0,0,38,14,13,51.9
ENG-Premier League,2425,Leicester City,Bilal El Khannouss,MAR,"MF,FW",20,2004,24.2,4,0,0,30,13,1,89,6,30,0,0,0,92,19,24,44.2
ENG-Premier League,2425,Leicester City,Bobby De Cordova-Reid,JAM,FW,31,1993,8.3,2,0,0,9,9,4,15,0,4,1,0,0,29,6,14,30.0
ENG-Premier League,2425,Leicester City,Boubakary Soumaré,FRA,MF,25,1999,24.1,8,0,0,24,23,0,10,27,20,0,0,0,140,21,11,65.6
ENG-Premier League,2425,Leicester City,Caleb Okoli,ITA,DF,23,2001,12.5,4,0,0,16,9,0,1,15,14,0,0,0,44,23,21,52.3
ENG-Premier League,2425,Leicester City,Conor Coady,ENG,DF,31,1993,19.0,3,0,0,8,2,1,0,13,9,0,2,0,62,13,22,37.1
ENG-Premier League,2425,Leicester City,Danny Ward,WAL,GK,31,1993,1.5,0,0,0,0,0,0,0,0,0,0,0,0,1,0,0,
ENG-Premier League,2425,Leicester City,Facundo Buonanotte,ARG,"FW,MF",19,2004,16.9,8,0,0,37,35,3,43,12,32,0,0,0,79,18,36,33.3
ENG-Premier League,2425,Leicester City,Hamza Choudhury,BAN,"MF,DF",26,1997,1.5,0,0,0,1,0,0,5,5,1,0,0,0,2,0,0,
ENG-Premier League,2425,Leicester City,Harry Winks,ENG,MF,28,1996,17.1,4,0,0,9,13,0,34,9,11,0,0,0,106,8,6,57.1
ENG-Premier League,2425,Leicester City,Jake Evans,,FW,,,0.3,0,0,0,0,0,0,0,0,1,0,0,0,0,0,1,0.0
ENG-Premier League,2425,Leicester City,Jakub Stolarczyk,POL,GK,23,2000,10.0,1,0,0,0,0,0,0,0,1,0,0,0,8,5,0,100.0
ENG-Premier League,2425,Leicester City,James Justin,ENG,DF,26,1998,32.4,6,0,0,29,44,2,57,46,37,0,0,0,88,69,55,55.6
ENG-Premier League,2425,Leicester City,Jamie Vardy,ENG,FW,37,1987,31.4,5,0,0,25,23,27,11,5,13,2,0,0,39,50,55,47.6
ENG-Premier League,2425,Leicester City,Jannik Vestergaard,DEN,DF,31,1992,15.5,5,0,0,12,4,0,0,16,10,0,0,1,46,26,19,57.8
ENG-Premier League,2425,Leicester City,Jeremy Monga,,"FW,MF",,,1.2,0,0,0,0,5,0,4,0,1,0,0,0,10,0,1,0.0
ENG-Premier League,2425,Leicester City,Jordan Ayew,GHA,"FW,MF",32,1991,18.2,5,0,0,30,59,7,60,12,15,0,0,0,93,37,80,31.6
ENG-Premier League,2425,Leicester City,Kasey McAteer,IRL,FW,22,2001,9.5,3,0,0,18,15,3,21,5,16,0,0,0,45,13,17,43.3
ENG-Premier League,2425,Leicester City,Luke Thomas,ENG,DF,23,2001,12.3,3,0,0,16,10,0,29,21,25,0,1,0,42,13,11,54.2
ENG-Premier League,2425,Leicester City,Mads Hermansen,DEN,GK,24,2000,26.5,1,0,0,0,3,0,0,0,1,0,0,0,17,4,1,80.0
ENG-Premier League,2425,Leicester City,Michael Golding,ENG,MF,18,2006,0.0,0,0,0,0,0,0,0,0,0,0,0,0,0,0,0,
ENG-Premier League,2425,Leicester City,Odsonne Édouard,FRA,FW,26,1998,0.3,0,0,0,2,0,0,0,0,1,0,0,0,1,1,1,50.0
ENG-Premier League,2425,Leicester City,Olabade Aluko,,DF,,,0.0,0,0,0,0,0,0,0,0,1,0,0,0,0,0,0,
ENG-Premier League,2425,Leicester City,Oliver Skipp,ENG,MF,23,2000,12.5,8,0,0,21,13,0,5,11,4,0,0,0,46,12,6,66.7
ENG-Premier League,2425,Leicester City,Patson Daka,ZAM,"FW,MF",25,1998,8.2,0,0,0,15,19,3,3,1,10,0,0,0,18,10,28,26.3
ENG-Premier League,2425,Leicester City,Ricardo Pereira,POR,DF,30,1993,4.3,1,0,0,6,8,0,3,4,8,0,0,0,19,4,2,66.7
ENG-Premier League,2425,Leicester City,Stephy Mavididi,ENG,FW,26,1998,17.9,2,0,0,18,18,3,69,11,19,0,0,0,83,9,15,37.5
ENG-Premier League,2425,Leicester City,Victor Bernth Kristiansen,DEN,DF,21,2002,27.6,1,0,0,19,18,3,97,42,51,0,1,1,99,22,42,34.4
ENG-Premier League,2425,Leicester City,Wilfred Ndidi,NGA,MF,27,1996,25.8,8,0,0,39,18,3,30,31,51,0,0,1,127,61,59,50.8
ENG-Premier League,2425,Leicester City,Will Alves,ENG,FW,19,2005,0.0,0,0,0,0,0,0,0,0,0,0,0,0,0,0,0,
ENG-Premier League,2425,Leicester City,Wout Faes,BEL,DF,26,1998,31.3,4,0,0,23,11,1,5,26,26,0,0,0,90,45,36,55.6
ENG-Premier League,2425,Leicester City,Woyo Coulibaly,MLI,DF,25,1999,1.2,1,0,0,2,1,0,0,5,4,0,0,0,14,0,3,0.0
ENG-Premier League,2425,Liverpool,Alexis Mac Allister,ARG,MF,25,1998,28.9,6,0,0,62,40,2,86,22,58,0,0,0,148,19,34,35.8
ENG-Premier League,2425,Liverpool,Alisson,BRA,GK,31,1992,27.9,0,0,0,0,2,0,0,0,0,0,0,0,47,7,0,100.0
ENG-Premier League,2425,Liverpool,Andrew Robertson,SCO,DF,30,1994,27.6,3,1,0,11,8,3,147,21,22,0,1,1,105,7,14,33.3
ENG-Premier League,2425,Liverpool,Caoimhín Kelleher,IRL,GK,25,1998,10.0,0,0,0,0,3,0,0,0,0,0,0,0,18,1,0,100.0
ENG-Premier League,2425,Liverpool,Cody Gakpo,NED,FW,25,1999,21.5,5,0,0,20,31,5,74,12,16,1,0,0,77,17,26,39.5
ENG-Premier League,2425,Liverpool,Conor Bradley,NIR,DF,21,2003,8.4,4,0,0,12,14,1,7,4,10,0,0,0,51,11,7,61.1
ENG-Premier League,2425,Liverpool,Curtis Jones,ENG,"MF,DF",23,2001,19.0,3,1,1,18,25,1,8,7,22,1,0,0,97,14,13,51.9
ENG-Premier League,2425,Liverpool,Darwin Núñez,URU,FW,25,1999,12.6,8,0,0,27,14,12,3,4,18,1,0,0,41,20,33,37.7
ENG-Premier League,2425,Liverpool,Diogo Jota,POR,FW,27,1996,13.3,2,0,0,23,14,1,8,8,8,1,0,0,41,22,32,40.7
ENG-Premier League,2425,Liverpool,Dominik Szoboszlai,HUN,MF,23,2000,27.7,6,0,0,44,24,4,41,9,20,0,0,0,133,19,23,45.2
ENG-Premier League,2425,Liverpool,Federico Chiesa,ITA,FW,26,1997,1.2,0,0,0,3,2,0,2,0,0,0,0,0,6,0,4,0.0
ENG-Premier League,2425,Liverpool,Harvey Elliott,ENG,MF,21,2003,4.1,1,0,0,0,1,1,12,1,3,0,0,0,15,1,2,33.3
ENG-Premier League,2425,Liverpool,Ibrahima Konaté,FRA,DF,25,1999,28.4,5,0,0,27,20,0,0,17,26,0,0,0,98,74,29,71.8
ENG-Premier League,2425,Liverpool,Jarell Quansah,ENG,DF,21,2003,5.5,2,0,0,9,1,0,2,7,8,0,1,1,19,7,10,41.2
ENG-Premier League,2425,Liverpool,Jayden Danns,ENG,MF,18,2006,0.1,0,0,0,0,0,0,0,0,0,0,0,0,0,0,0,
ENG-Premier League,2425,Liverpool,Joe Gomez,ENG,DF,27,1997,5.8,1,0,0,2,3,0,2,7,10,0,0,0,34,9,4,69.2
ENG-Premier League,2425,Liverpool,Kostas Tsimikas,GRE,DF,28,1996,9.3,2,0,0,9,6,1,64,11,20,0,0,0,31,5,8,38.5
ENG-Premier League,2425,Liverpool,Luis Díaz,COL,FW,27,1997,26.7,2,0,0,48,31,10,32,7,26,2,0,0,105,13,38,25.5
ENG-Premier League,2425,Liverpool,Mohamed Salah,EGY,FW,32,1992,37.5,1,0,0,25,39,18,79,9,11,0,0,0,101,9,14,39.1
ENG-Premier League,2425,Liverpool,Ryan Gravenberch,NED,MF,22,2002,35.1,6,1,0,47,52,0,7,60,35,0,0,0,193,26,14,65.0
ENG-Premier League,2425,Liverpool,Trent Alexander-Arnold,ENG,DF,25,1998,26.3,5,0,0,11,9,1,153,31,50,0,0,0,132,3,13,18.8
ENG-Premier League,2425,Liverpool,Virgil van Dijk,NED,DF,33,1991,37.0,5,0,0,17,13,0,1,56,20,0,0,0,115,119,46,72.1
ENG-Premier League,2425,Liverpool,Vitezslav Jaros,CZE,GK,23,2001,0.1,0,0,0,0,0,0,0,0,0,0,0,0,0,0,0,
ENG-Premier League,2425,Liverpool,Wataru Endo,JPN,"MF,DF",31,1993,3.0,0,0,0,15,7,0,1,6,8,0,0,0,14,3,4,42.9
ENG-Premier League,2425,Manchester City,Abdukodir Khusanov,UZB,DF,20,2004,5.6,1,0,0,3,3,0,1,3,4,0,0,1,27,6,4,60.0
ENG-Premier League,2425,Manchester City,Bernardo Silva,POR,"MF,FW",29,1994,29.7,7,0,0,27,32,3,60,23,37,0,0,0,107,5,10,33.3
ENG-Premier League,2425,Manchester City,Claudio Echeverri,ARG,FW,18,2006,0.1,0,0,0,0,0,0,0,0,0,0,0,0,1,0,0,
ENG-Premier League,2425,Manchester City,Divin Mubama,ENG,FW,19,2004,0.3,0,0,0,0,0,0,0,0,0,0,0,0,1,0,1,0.0
ENG-Premier League,2425,Manchester City,Ederson,BRA,GK,30,1993,25.8,4,0,0,1,0,0,0,1,0,0,1,0,42,4,1,80.0
ENG-Premier League,2425,Manchester City,Erling Haaland,NOR,FW,24,2000,30.4,2,0,0,24,13,4,3,5,6,0,0,0,34,57,50,53.3
ENG-Premier League,2425,Manchester City,Jack Grealish,ENG,"FW,MF",28,1995,8.0,3,0,0,5,25,0,20,2,5,0,0,0,26,1,7,12.5
ENG-Premier League,2425,Manchester City,Jahmai Simpson-Pusey,ENG,DF,18,2005,1.1,1,0,0,0,1,0,0,0,0,0,0,0,3,1,3,25.0
ENG-Premier League,2425,Manchester City,James Mcatee,ENG,"MF,FW",21,2002,3.9,1,0,0,6,3,0,8,2,2,0,0,0,8,2,3,40.0
ENG-Premier League,2425,Manchester City,Jeremy Doku,BEL,"FW,MF",22,2002,16.8,1,0,0,10,33,5,59,4,22,0,0,0,63,0,12,0.0
ENG-Premier League,2425,Manchester City,John Stones,ENG,"DF,MF",30,1994,6.1,1,0,0,2,2,0,0,4,2,0,0,0,22,8,6,57.1
ENG-Premier League,2425,Manchester City,Joško Gvardiol,CRO,DF,22,2002,36.4,2,0,0,16,27,3,22,44,39,0,0,0,137,54,41,56.8
ENG-Premier League,2425,Manchester City,Kevin De Bruyne,BEL,"MF,FW",33,1991,18.9,2,0,0,17,18,5,145,7,9,0,0,0,64,5,16,23.8
ENG-Premier League,2425,Manchester City,Kyle Walker,ENG,DF,34,1990,10.8,3,0,0,6,5,1,14,3,10,0,0,0,46,9,7,56.3
ENG-Premier League,2425,Manchester City,Manuel Akanji,SUI,DF,29,1995,22.4,3,0,0,17,9,0,11,9,12,0,0,0,103,30,33,47.6
ENG-Premier League,2425,Manchester City,Mateo Kovačić,CRO,MF,30,1994,24.4,5,1,0,24,26,0,0,24,38,0,0,0,114,10,9,52.6
ENG-Premier League,2425,Manchester City,Matheus Nunes,POR,"DF,MF",25,1998,18.6,4,0,0,30,20,6,45,15,22,0,1,0,70,14,19,42.4
ENG-Premier League,2425,Manchester City,Nathan Aké,NED,DF,29,1995,7.5,0,0,0,2,0,0,1,3,7,0,0,0,24,13,10,56.5
ENG-Premier League,2425,Manchester City,Nico O’Reilly,ENG,DF,19,2005,5.9,0,0,0,6,4,1,8,4,4,0,0,0,31,6,9,40.0
ENG-Premier League,2425,Manchester City,Nicolás González,ESP,MF,22,2002,8.4,3,0,0,13,5,0,1,8,6,0,0,0,31,16,12,57.1
ENG-Premier League,2425,Manchester City,Omar Marmoush,EGY,"FW,MF",25,1999,13.1,0,0,0,15,20,10,28,6,8,1,0,0,37,5,11,31.3
ENG-Premier League,2425,Manchester City,Oscar Bobb,NOR,FW,21,2003,0.2,0,0,0,0,1,0,0,0,0,0,0,0,2,0,0,
ENG-Premier League,2425,Manchester City,Phil Foden,ENG,"MF,FW",24,2000,19.7,2,0,0,5,34,3,80,9,5,0,0,0,61,3,9,25.0
ENG-Premier League,2425,Manchester City,Rico Lewis,ENG,"DF,MF",19,2004,21.0,5,1,1,12,34,0,6,13,19,0,0,0,95,6,14,30.0
ENG-Premier League,2425,Manchester City,Rodri,ESP,MF,28,1996,0.8,0,0,0,1,2,0,0,1,1,0,0,0,7,1,0,100.0
ENG-Premier League,2425,Manchester City,Rúben Dias,POR,DF,27,1997,25.2,4,0,0,12,8,0,3,20,11,0,1,1,78,37,34,52.1
ENG-Premier League,2425,Manchester City,Stefan Ortega,GER,GK,31,1992,12.2,1,0,0,1,2,0,0,0,0,0,1,0,8,2,0,100.0
ENG-Premier League,2425,Manchester City,Sávio,BRA,"FW,MF",20,2004,19.6,3,0,0,17,28,3,84,6,17,2,0,0,79,1,2,33.3
ENG-Premier League,2425,Manchester City,Vitor Reis,BRA,DF,18,2006,0.0,0,0,0,0,0,0,0,0,0,0,0,0,0,0,0,
ENG-Premier League,2425,Manchester City,İlkay Gündoğan,GER,MF,33,1990,24.7,1,0,0,15,27,1,60,13,13,1,0,0,116,14,11,56.0
ENG-Premier League,2425,Manchester Utd,Alejandro Garnacho,ARG,"MF,FW",20,2004,24.4,3,0,0,12,43,10,56,13,18,0,0,0,108,3,24,11.1
ENG-Premier League,2425,Manchester Utd,Altay Bayındır,TUR,GK,26,1998,4.0,0,0,0,0,1,0,0,0,0,0,0,0,3,1,1,50.0
ENG-Premier League,2425,Manchester Utd,Amad Diallo,CIV,"MF,FW",22,2002,21.1,5,0,0,21,28,9,42,11,31,2,0,0,109,10,15,40.0
ENG-Premier League,2425,Manchester Utd,André Onana,CMR,GK,28,1996,34.0,0,0,0,0,2,0,0,0,2,0,0,0,34,6,0,100.0
ENG-Premier League,2425,Manchester Utd,Antony,BRA,"DF,MF",24,2000,1.6,0,0,0,2,5,0,5,2,3,0,0,0,11,0,1,0.0
ENG-Premier League,2425,Manchester Utd,Ayden Heaven,ENG,DF,17,2006,1.9,1,0,0,4,4,0,0,4,3,0,0,0,11,2,3,40.0
ENG-Premier League,2425,Manchester Utd,Bruno Fernandes,POR,MF,29,1994,33.5,5,2,1,32,40,2,186,26,50,0,0,0,213,22,28,44.0
ENG-Premier League,2425,Manchester Utd,Casemiro,BRA,MF,32,1992,16.6,5,0,0,20,19,4,20,14,50,0,0,0,103,36,19,65.5
ENG-Premier League,2425,Manchester Utd,Chidozie Obi-Martin,DEN,FW,16,2007,1.8,1,0,0,3,1,0,0,0,1,0,0,0,9,2,4,33.3
ENG-Premier League,2425,Manchester Utd,Christian Eriksen,DEN,MF,32,1992,11.8,4,0,0,8,3,0,85,7,9,0,0,0,62,2,6,25.0
ENG-Premier League,2425,Manchester Utd,Diogo Dalot,POR,DF,25,1999,31.3,5,0,0,40,9,4,66,37,40,0,1,0,167,38,21,64.4
ENG-Premier League,2425,Manchester Utd,Harry Amass,ENG,DF,17,2007,3.8,0,0,0,2,4,1,9,2,2,0,0,0,26,7,6,53.8
ENG-Premier League,2425,Manchester Utd,Harry Maguire,ENG,DF,31,1993,19.5,7,0,0,18,11,2,4,40,15,0,0,0,68,64,25,71.9
ENG-Premier League,2425,Manchester Utd,Jonny Evans,NIR,DF,36,1988,3.5,1,0,0,5,6,0,0,5,6,0,0,0,16,9,3,75.0
ENG-Premier League,2425,Manchester Utd,Joshua Zirkzee,NED,"FW,MF",23,2001,15.6,2,0,0,9,13,3,4,6,8,1,0,0,57,21,54,28.0
ENG-Premier League,2425,Manchester Utd,Kobbie Mainoo,ENG,MF,19,2005,18.3,5,0,0,27,21,3,7,19,29,0,0,0,88,19,31,38.0
ENG-Premier League,2425,Manchester Utd,Leny Yoro,FRA,DF,18,2005,12.9,5,0,0,9,2,1,1,18,11,0,0,0,46,16,16,50.0
ENG-Premier League,2425,Manchester Utd,Lisandro Martínez,ARG,DF,26,1998,19.5,7,0,0,22,7,0,9,32,24,0,0,0,81,16,13,55.2
ENG-Premier League,2425,Manchester Utd,Luke Shaw,ENG,DF,29,1995,3.9,1,0,0,3,1,0,11,2,3,0,0,1,9,3,2,60.0
ENG-Premier League,2425,Manchester Utd,Manuel Ugarte Ribeiro,URU,MF,23,2001,19.8,11,0,0,41,33,0,7,27,49,0,0,1,122,18,18,50.0
ENG-Premier League,2425,Manchester Utd,Marcus Rashford,ENG,"FW,MF",26,1997,10.9,2,0,0,8,7,7,27,4,4,0,0,0,24,5,7,41.7
ENG-Premier League,2425,Manchester Utd,Mason Mount,ENG,MF,25,1999,6.9,3,0,0,16,9,1,13,4,5,0,0,0,18,4,8,33.3
ENG-Premier League,2425,Manchester Utd,Matthijs de Ligt,NED,DF,24,1999,23.6,3,0,0,16,12,2,6,33,22,0,2,0,68,58,29,66.7
ENG-Premier League,2425,Manchester Utd,Noussair Mazraoui,MAR,DF,26,1997,31.5,3,0,0,38,25,4,23,34,68,0,1,0,149,50,30,62.5
ENG-Premier League,2425,Manchester Utd,Patrick Dorgu,DEN,DF,19,2004,9.4,3,1,0,17,28,3,39,4,24,0,0,0,37,15,9,62.5
ENG-Premier League,2425,Manchester Utd,Rasmus Højlund,DEN,FW,21,2003,22.3,2,0,0,17,28,13,8,2,1,1,0,0,35,31,94,24.8
ENG-Premier League,2425,Manchester Utd,Scott McTominay,SCO,MF,27,1996,0.2,0,0,0,0,0,0,0,0,0,0,0,0,1,1,0,100.0
ENG-Premier League,2425,Manchester Utd,Toby Collyer,ENG,MF,20,2004,2.0,0,0,0,2,4,0,0,2,9,0,0,0,17,3,1,75.0
ENG-Premier League,2425,Manchester Utd,Tyler Fredricson,ENG,DF,19,2005,1.8,0,0,0,0,2,0,0,1,3,0,0,0,12,7,5,58.3
ENG-Premier League,2425,Manchester Utd,Tyrell Malacia,NED,DF,24,1999,1.1,1,0,0,3,2,0,1,1,1,0,0,0,3,0,0,
ENG-Premier League,2425,Manchester Utd,Victor Lindelöf,SWE,DF,30,1994,7.8,1,0,0,8,1,0,1,8,2,0,0,0,29,17,15,53.1
ENG-Premier League,2425,Newcastle Utd,Alexander Isak,SWE,FW,24,1999,30.6,1,0,0,27,14,20,16,3,5,1,0,0,55,26,55,32.1
ENG-Premier League,2425,Newcastle Utd,Anthony Gordon,ENG,"FW,MF",23,2001,27.0,2,0,0,20,71,8,131,7,18,1,0,0,97,8,8,50.0
ENG-Premier League,2425,Newcastle Utd,Bruno Guimarães,BRA,MF,26,1997,36.3,7,0,0,65,108,2,28,29,47,0,0,0,188,18,19,48.6
ENG-Premier League,2425,Newcastle Utd,Callum Wilson,ENG,FW,32,1992,4.1,1,0,0,4,1,3,2,1,2,0,0,0,11,2,16,11.1
ENG-Premier League,2425,Newcastle Utd,Dan Burn,ENG,DF,32,1992,37.0,11,0,0,34,12,5,3,27,24,0,0,2,103,146,75,66.1
ENG-Premier League,2425,Newcastle Utd,Emil Krafth,SWE,DF,29,1994,3.8,2,0,0,5,2,0,2,2,2,0,0,0,19,8,8,50.0
ENG-Premier League,2425,Newcastle Utd,Fabian Schär,SUI,DF,32,1991,32.6,9,1,0,35,15,4,13,45,21,0,0,0,134,56,71,44.1
ENG-Premier League,2425,Newcastle Utd,Harvey Barnes,ENG,FW,26,1997,19.5,0,0,0,15,22,5,47,6,9,0,0,0,55,6,15,28.6
ENG-Premier League,2425,Newcastle Utd,Jacob Murphy,ENG,FW,29,1995,26.2,4,0,0,11,15,3,120,13,19,1,0,0,98,5,16,23.8
ENG-Premier League,2425,Newcastle Utd,Joe Willock,ENG,"MF,FW",24,1999,12.1,4,0,0,23,13,3,18,6,17,0,0,0,40,5,14,26.3
ENG-Premier League,2425,Newcastle Utd,Joelinton,BRA,"MF,FW",27,1996,26.6,10,0,0,58,35,7,16,23,35,0,0,0,149,59,46,56.2
ENG-Premier League,2425,Newcastle Utd,Kieran Trippier,ENG,DF,33,1990,14.5,1,0,0,16,11,2,82,12,21,0,0,0,68,22,15,59.5
ENG-Premier League,2425,Newcastle Utd,Lewis Hall,ENG,DF,19,2004,24.3,3,0,0,9,21,1,110,18,41,0,0,0,119,30,31,49.2
ENG-Premier League,2425,Newcastle Utd,Lewis Miley,ENG,MF,18,2006,3.5,0,0,0,3,1,0,0,2,11,0,0,0,16,6,7,46.2
ENG-Premier League,2425,Newcastle Utd,Lloyd Kelly,ENG,DF,25,1998,3.4,2,0,0,5,5,1,1,1,4,0,0,0,19,6,2,75.0
ENG-Premier League,2425,Newcastle Utd,Martin Dúbravka,SVK,GK,35,1989,10.0,0,0,0,0,1,0,0,0,0,0,0,0,18,4,0,100.0
ENG-Premier League,2425,Newcastle Utd,Matt Targett,ENG,DF,28,1995,0.2,0,0,0,0,0,0,1,1,0,0,0,0,2,0,0,
ENG-Premier League,2425,Newcastle Utd,Miguel Almirón,PAR,FW,30,1994,1.7,0,0,0,1,3,2,0,0,2,0,0,0,4,0,2,0.0
ENG-Premier League,2425,Newcastle Utd,Nick Pope,ENG,GK,32,1992,28.0,2,0,0,2,5,0,0,1,0,0,2,0,24,11,1,91.7
ENG-Premier League,2425,Newcastle Utd,Sandro Tonali,ITA,MF,24,2000,29.2,5,0,0,37,49,2,54,34,32,1,0,0,177,12,12,50.0
ENG-Premier League,2425,Newcastle Utd,Sean Longstaff,ENG,MF,26,1997,8.9,2,0,0,9,6,0,5,7,16,0,0,0,31,7,7,50.0
ENG-Premier League,2425,Newcastle Utd,Sven Botman,NED,DF,24,2000,4.6,1,0,0,5,4,0,0,5,9,0,0,0,14,17,9,65.4
ENG-Premier League,2425,Newcastle Utd,Valentino Livramento,ENG,DF,21,2002,31.6,1,0,0,6,35,2,52,23,36,0,0,0,189,27,35,43.5
ENG-Premier League,2425,Newcastle Utd,William Osula,DEN,FW,20,2003,1.5,0,0,0,4,1,1,4,4,0,0,0,0,2,6,2,75.0
ENG-Premier League,2425,Nott'ham Forest,Anthony Elanga,SWE,"FW,MF",22,2002,27.8,1,0,0,9,47,18,185,6,14,0,0,0,89,24,37,39.3
ENG-Premier League,2425,Nott'ham Forest,Callum Hudson-Odoi,ENG,"FW,MF",23,2000,24.4,2,0,0,12,25,8,79,13,14,1,0,0,92,3,10,23.1
ENG-Premier League,2425,Nott'ham Forest,Chris Wood,NZL,FW,32,1991,32.9,1,0,0,25,24,28,1,5,5,0,0,0,50,94,143,39.7
ENG-Premier League,2425,Nott'ham Forest,Danilo,BRA,"MF,FW",23,2001,3.1,0,0,0,2,0,0,3,4,4,0,0,0,19,1,2,33.3
ENG-Premier League,2425,Nott'ham Forest,Elliot Anderson,ENG,MF,21,2002,30.3,10,0,0,49,58,4,86,31,56,0,0,0,207,56,30,65.1
ENG-Premier League,2425,Nott'ham Forest,Eric da Silva Moreira,GER,"MF,DF",18,2006,0.3,0,0,0,0,0,0,0,1,2,0,0,0,2,0,0,
ENG-Premier League,2425,Nott'ham Forest,Harry Toffolo,ENG,DF,28,1995,1.5,1,0,0,1,0,0,4,2,3,0,0,0,2,1,0,100.0
ENG-Premier League,2425,Nott'ham Forest,Ibrahim Sangaré,CIV,MF,26,1997,6.6,3,0,0,15,8,0,2,6,14,0,0,0,42,10,10,50.0
ENG-Premier League,2425,Nott'ham Forest,James Ward-Prowse,ENG,MF,29,1994,4.4,2,1,1,7,2,0,19,5,1,0,0,0,19,3,5,37.5
ENG-Premier League,2425,Nott'ham Forest,Jota Silva,POR,"FW,MF",24,1999,9.5,5,0,0,24,23,8,21,12,14,1,0,0,43,21,30,41.2
ENG-Premier League,2425,Nott'ham Forest,Matz Sels,BEL,GK,32,1992,38.0,4,0,0,1,10,0,0,0,1,0,1,0,17,15,2,88.2
ENG-Premier League,2425,Nott'ham Forest,Morato,BRA,DF,23,2001,10.1,5,0,0,11,2,0,0,10,14,0,0,0,36,6,14,30.0
ENG-Premier League,2425,Nott'ham Forest,Morgan Gibbs-White,ENG,MF,24,2000,31.1,11,1,1,38,40,7,45,23,22,1,0,0,127,40,55,42.1
ENG-Premier League,2425,Nott'ham Forest,Murillo,BRA,DF,22,2002,35.4,6,0,0,27,6,0,14,36,36,0,1,0,142,44,22,66.7
ENG-Premier League,2425,Nott'ham Forest,Neco Williams,WAL,DF,23,2001,28.8,7,0,0,24,43,2,59,31,57,0,0,0,110,40,30,57.1
ENG-Premier League,2425,Nott'ham Forest,Nicolás Domínguez,ARG,"MF,FW",26,1998,21.8,9,0,0,33,18,1,7,29,45,0,0,0,114,27,23,54.0
ENG-Premier League,2425,Nott'ham Forest,Nikola Milenković,SRB,DF,26,1997,37.0,4,0,0,20,5,2,0,27,29,0,0,0,85,101,39,72.1
ENG-Premier League,2425,Nott'ham Forest,Ola Aina,NGA,DF,27,1996,33.3,5,0,0,23,35,2,59,33,42,0,1,0,190,13,19,40.6
ENG-Premier League,2425,Nott'ham Forest,Ramón Sosa,PAR,"FW,MF",24,1999,3.3,1,0,0,6,8,3,8,4,3,0,0,0,25,4,7,36.4
ENG-Premier League,2425,Nott'ham Forest,Ryan Yates,ENG,MF,26,1997,21.3,10,0,0,53,49,7,8,26,21,0,0,0,104,45,30,60.0
ENG-Premier League,2425,Nott'ham Forest,Taiwo Awoniyi,NGA,FW,26,1997,4.6,0,0,0,8,10,1,2,0,3,0,0,0,18,13,38,25.5
ENG-Premier League,2425,Nott'ham Forest,Willy Boly,CIV,DF,33,1991,1.7,1,0,0,1,0,0,0,3,1,0,0,0,5,6,2,75.0
ENG-Premier League,2425,Nott'ham Forest,Álex Moreno,ESP,"DF,MF",31,1993,10.6,2,0,0,12,6,0,19,15,18,0,0,0,50,3,11,21.4
ENG-Premier League,2425,Southampton,Aaron Ramsdale,ENG,GK,26,1998,30.0,2,0,0,1,4,0,0,2,0,0,0,0,23,6,0,100.0
ENG-Premier League,2425,Southampton,Adam Armstrong,ENG,"FW,MF",27,1997,13.9,4,0,0,12,5,9,14,3,3,0,0,0,23,5,9,35.7
ENG-Premier League,2425,Southampton,Adam Lallana,ENG,MF,36,1988,4.0,4,0,0,8,8,0,4,5,5,0,0,0,19,2,2,50.0
ENG-Premier League,2425,Southampton,Albert Grønbaek,DEN,"FW,MF",23,2001,1.6,0,0,0,0,1,0,1,0,1,0,0,0,6,2,0,100.0
ENG-Premier League,2425,Southampton,Alex McCarthy,ENG,GK,34,1989,5.0,0,0,0,0,1,0,0,0,0,0,0,0,4,2,0,100.0
ENG-Premier League,2425,Southampton,Armel Bella Kotchap,GER,DF,22,2001,3.7,0,0,0,3,2,0,0,5,5,0,0,0,19,6,5,54.5
ENG-Premier League,2425,Southampton,Ben Brereton,CHI,FW,25,1999,5.0,1,0,0,4,8,1,5,0,2,0,0,0,16,9,7,56.3
ENG-Premier League,2425,Southampton,Cameron Archer,ENG,FW,23,2001,16.0,0,0,0,16,13,8,3,2,8,0,0,0,35,9,30,23.1
ENG-Premier League,2425,Southampton,Carlos Alcaraz,ARG,MF,21,2002,0.1,0,0,0,1,0,0,1,1,0,0,0,0,2,1,0,100.0
ENG-Premier League,2425,Southampton,Charlie Taylor,ENG,DF,30,1993,4.0,1,0,0,2,3,0,9,5,5,0,0,0,10,6,2,75.0
ENG-Premier League,2425,Southampton,Flynn Downes,ENG,MF,25,1999,23.9,12,0,0,50,39,0,4,32,25,0,0,0,83,17,17,50.0
ENG-Premier League,2425,Southampton,Jack Stephens,ENG,DF,30,1994,15.4,2,2,0,13,4,1,1,13,20,0,1,0,44,6,10,37.5
ENG-Premier League,2425,Southampton,James Bree,ENG,DF,26,1997,11.9,0,0,0,4,5,0,29,9,14,0,0,0,65,12,7,63.2
ENG-Premier League,2425,Southampton,Jan Bednarek,POL,DF,28,1996,28.1,7,0,0,31,13,0,1,56,19,0,1,0,106,71,37,65.7
ENG-Premier League,2425,Southampton,Jay Robinson,ENG,"MF,FW",17,2007,1.5,0,0,0,3,1,0,1,0,1,0,0,0,12,0,1,0.0
ENG-Premier League,2425,Southampton,Joachim Kayi Sanda,FRA,DF,17,2006,0.2,0,0,0,0,0,0,0,2,0,0,0,0,0,0,1,0.0
ENG-Premier League,2425,Southampton,Joe Aribo,NGA,"MF,DF",28,1996,22.4,1,0,0,20,28,1,10,20,33,0,1,0,112,25,24,51.0
ENG-Premier League,2425,Southampton,Joe Lumley,ENG,GK,29,1995,3.0,0,0,0,0,0,0,0,0,0,0,0,0,2,2,1,66.7
ENG-Premier League,2425,Southampton,Kamaldeen Sulemana,GHA,"FW,MF",22,2002,15.6,2,0,0,22,11,3,26,6,17,0,0,0,63,13,27,32.5
ENG-Premier League,2425,Southampton,Kyle Walker-Peters,ENG,DF,27,1997,32.4,5,0,0,28,52,2,51,19,29,0,0,0,135,11,21,34.4
ENG-Premier League,2425,Southampton,Lesley Ugochukwu,FRA,MF,20,2004,18.4,7,0,0,31,16,0,6,14,24,0,1,0,67,20,18,52.6
ENG-Premier League,2425,Southampton,Mateus Fernandes,POR,MF,20,2004,32.3,8,0,0,46,55,4,113,28,48,0,0,0,179,15,9,62.5
ENG-Premier League,2425,Southampton,Maxwel Cornet,CIV,FW,27,1996,0.8,1,0,0,0,1,1,3,0,5,0,0,0,2,3,0,100.0
ENG-Premier League,2425,Southampton,Nathan Wood-Gordon,ENG,DF,22,2002,8.6,2,0,0,9,4,0,3,5,8,0,0,0,20,15,8,65.2
ENG-Premier League,2425,Southampton,Paul Onuachu,NGA,FW,30,1994,11.7,4,0,0,28,16,10,0,1,2,0,0,0,19,93,59,61.2
ENG-Premier League,2425,Southampton,Ronnie Edwards,ENG,DF,21,2003,0.1,0,0,0,0,0,0,0,0,0,0,0,0,0,0,0,
ENG-Premier League,2425,Southampton,Ross Stewart,SCO,FW,28,1996,4.3,1,0,0,7,7,1,0,1,4,0,0,0,6,13,23,36.1
ENG-Premier League,2425,Southampton,Ryan Fraser,SCO,"FW,DF",30,1994,3.4,0,1,0,1,4,1,12,1,2,0,1,0,10,2,3,40.0
ENG-Premier League,2425,Southampton,Ryan Manning,IRL,"DF,MF",28,1996,16.2,2,0,0,19,32,0,84,17,17,0,0,0,65,15,6,71.4
ENG-Premier League,2425,Southampton,Samuel Amo-Ameyaw,ENG,"FW,DF",18,2006,0.3,1,0,0,1,2,0,2,0,0,0,0,0,1,0,1,0.0
ENG-Premier League,2425,Southampton,Samuel Edozie,ENG,"DF,FW",21,2003,0.7,1,0,0,2,1,0,4,0,1,0,0,0,1,0,0,
ENG-Premier League,2425,Southampton,Taylor Harwood-Bellis,ENG,DF,22,2002,31.4,9,0,0,35,14,0,10,30,20,0,0,0,123,63,49,56.3
ENG-Premier League,2425,Southampton,Tyler Dibling,ENG,"FW,MF",18,2006,20.8,6,0,0,30,50,2,28,8,20,2,0,0,80,10,25,28.6
ENG-Premier League,2425,Southampton,Welington,BRA,DF,23,2001,5.4,1,0,0,6,8,1,17,7,9,0,1,0,21,5,4,55.6
ENG-Premier League,2425,Southampton,William Smallbone,IRL,MF,24,2000,7.7,1,0,0,11,3,0,36,2,13,0,1,0,23,4,6,40.0
ENG-Premier League,2425,Southampton,Yukinari Sugawara,JPN,"DF,MF",24,2000,17.3,4,0,0,15,10,4,70,11,18,0,2,0,44,5,9,35.7
ENG-Premier League,2425,Tottenham,Alfie Dorrington,ENG,DF,19,2005,0.2,0,0,0,0,0,0,0,0,0,0,0,0,3,0,0,
ENG-Premier League,2425,Tottenham,Antonín Kinský,CZE,GK,21,2003,6.0,0,0,0,0,0,0,0,0,1,0,0,0,6,2,0,100.0
ENG-Premier League,2425,Tottenham,Archie Gray,ENG,"DF,MF",18,2006,19.5,1,0,0,17,11,0,17,19,8,0,0,1,69,11,11,50.0
ENG-Premier League,2425,Tottenham,Ben Davies,WAL,DF,31,1993,14.8,5,0,0,17,7,0,4,12,11,0,0,0,41,52,44,54.2
ENG-Premier League,2425,Tottenham,Brandon Austin,ENG,GK,25,1999,1.0,0,0,0,0,2,0,0,0,0,0,0,0,1,2,0,100.0
ENG-Premier League,2425,Tottenham,Brennan Johnson,WAL,FW,23,2001,24.2,5,0,0,27,26,12,53,4,26,2,0,0,63,7,20,25.9
ENG-Premier League,2425,Tottenham,Cristian Romero,ARG,DF,26,1998,15.7,3,0,0,14,12,2,3,21,29,0,0,0,90,41,27,60.3
ENG-Premier League,2425,Tottenham,Dane Scarlett,ENG,"FW,MF",20,2004,0.4,0,0,0,0,1,1,0,0,0,0,0,0,3,1,0,100.0
ENG-Premier League,2425,Tottenham,Dejan Kulusevski,SWE,"MF,FW",24,2000,26.5,3,0,0,48,38,5,89,13,23,0,0,0,121,10,15,40.0
ENG-Premier League,2425,Tottenham,Destiny Udogie,ITA,DF,21,2002,21.4,2,0,0,29,38,3,19,22,47,0,0,1,111,13,13,50.0
ENG-Premier League,2425,Tottenham,Djed Spence,ENG,DF,23,2000,19.9,4,1,1,21,23,2,25,21,34,0,0,1,109,21,14,60.0
ENG-Premier League,2425,Tottenham,Dominic Solanke,ENG,FW,26,1997,24.5,0,0,0,36,36,5,4,1,11,0,0,1,38,46,60,43.4
ENG-Premier League,2425,Tottenham,Fraser Forster,ENG,GK,36,1988,7.0,0,0,0,0,0,0,0,0,0,0,0,0,1,1,0,100.0
ENG-Premier League,2425,Tottenham,Guglielmo Vicario,ITA,GK,27,1996,24.0,1,0,0,0,2,0,0,1,0,0,0,0,32,9,0,100.0
ENG-Premier League,2425,Tottenham,James Maddison,ENG,MF,27,1996,20.1,6,0,0,32,64,4,98,12,19,0,0,0,76,5,7,41.7
ENG-Premier League,2425,Tottenham,Kevin Danso,AUT,DF,25,1998,9.4,0,0,0,9,13,0,1,6,5,0,0,0,27,21,12,63.6
ENG-Premier League,2425,Tottenham,Lucas Bergvall,SWE,MF,18,2006,13.5,3,0,0,20,17,0,21,24,19,0,0,0,73,9,8,52.9
ENG-Premier League,2425,Tottenham,Mathys Tel,FRA,FW,19,2005,10.1,2,0,0,14,16,1,35,2,6,1,0,0,38,4,7,36.4
ENG-Premier League,2425,Tottenham,Micky van de Ven,NED,DF,23,2001,11.3,4,0,0,10,9,0,0,10,6,0,0,0,63,19,20,48.7
ENG-Premier League,2425,Tottenham,Mikey Moore,ENG,FW,16,2007,4.1,0,0,0,3,7,3,16,1,1,0,0,0,11,1,6,14.3
ENG-Premier League,2425,Tottenham,Pape Matar Sarr,SEN,MF,21,2002,21.3,6,0,0,34,35,2,14,30,36,0,1,0,115,34,45,43.0
ENG-Premier League,2425,Tottenham,Pedro Porro,ESP,DF,24,1999,29.0,5,0,0,25,33,1,196,36,49,0,0,0,152,12,23,34.3
ENG-Premier League,2425,Tottenham,Radu Drăgușin,ROU,DF,22,2002,13.9,1,0,0,6,10,0,1,15,6,0,0,0,48,33,22,60.0
ENG-Premier League,2425,Tottenham,Richarlison,BRA,FW,27,1997,5.6,2,0,0,7,13,3,7,0,3,0,0,0,11,10,23,30.3
ENG-Premier League,2425,Tottenham,Rodrigo Bentancur,URU,MF,27,1997,18.3,9,0,0,34,10,1,4,40,22,0,0,0,121,36,30,54.5
ENG-Premier League,2425,Tottenham,Sergio Reguilón,ESP,DF,27,1996,2.2,2,0,0,2,6,0,12,4,3,0,0,0,14,5,2,71.4
ENG-Premier League,2425,Tottenham,Son Heung-min,KOR,FW,32,1992,23.4,1,0,0,6,28,12,78,5,9,1,0,0,85,6,12,33.3
ENG-Premier League,2425,Tottenham,Timo Werner,GER,"FW,MF",28,1996,5.7,0,0,0,3,5,5,28,1,4,0,0,0,18,0,1,0.0
ENG-Premier League,2425,Tottenham,Will Lankshear,ENG,"FW,MF",19,2005,0.1,0,0,0,2,0,0,0,0,0,0,0,0,0,0,0,
ENG-Premier League,2425,Tottenham,Wilson Odobert,FRA,"FW,MF",19,2004,9.4,0,0,0,2,3,1,25,4,5,0,0,0,34,4,8,33.3
ENG-Premier League,2425,Tottenham,Yves Bissouma,MLI,MF,27,1996,15.6,7,0,0,28,18,0,2,18,31,0,2,0,85,7,7,50.0
ENG-Premier League,2425,West Ham,Aaron Cresswell,ENG,DF,34,1989,9.2,3,0,0,4,2,0,36,8,7,0,0,0,36,7,7,50.0
ENG-Premier League,2425,West Ham,Aaron Wan-Bissaka,ENG,DF,26,1997,35.0,1,0,0,25,27,5,76,66,49,0,0,1,174,22,33,40.0
ENG-Premier League,2425,West Ham,Alphonse Areola,FRA,GK,31,1993,25.1,0,0,0,0,0,0,0,0,2,0,0,1,29,2,0,100.0
ENG-Premier League,2425,West Ham,Andy Irving,SCO,MF,24,2000,1.8,2,0,0,6,1,0,2,1,4,0,0,0,10,1,1,50.0
ENG-Premier League,2425,West Ham,Carlos Soler,ESP,"MF,FW",27,1997,15.7,6,0,0,26,19,0,34,8,11,0,0,0,64,10,12,45.5
ENG-Premier League,2425,West Ham,Crysencio Summerville,NED,"FW,MF",22,2001,8.7,2,0,0,9,23,4,21,0,7,0,0,0,38,4,9,30.8
ENG-Premier League,2425,West Ham,Danny Ings,ENG,"FW,MF",32,1992,3.2,0,0,0,0,2,0,3,1,2,1,0,0,9,8,10,44.4
ENG-Premier League,2425,West Ham,Edson Álvarez,MEX,MF,26,1997,19.7,9,1,1,42,18,4,6,18,27,0,0,0,88,30,23,56.6
ENG-Premier League,2425,West Ham,Emerson Palmieri,ITA,DF,29,1994,23.5,5,0,0,25,13,0,64,21,31,0,0,0,84,18,20,47.4
ENG-Premier League,2425,West Ham,Evan Ferguson,IRL,FW,19,2004,1.7,0,0,0,1,2,0,0,1,1,0,0,0,8,5,10,33.3
ENG-Premier League,2425,West Ham,Guido Rodríguez,ARG,MF,30,1994,12.8,6,0,0,18,12,2,5,13,19,0,0,0,53,11,7,61.1
ENG-Premier League,2425,West Ham,James Ward-Prowse,ENG,MF,29,1994,11.5,2,0,0,10,4,0,49,8,14,0,0,0,52,10,5,66.7
ENG-Premier League,2425,West Ham,Jarrod Bowen,ENG,"FW,MF",27,1996,33.0,1,0,0,20,51,10,106,16,26,0,0,0,129,12,48,20.0
ENG-Premier League,2425,West Ham,Jean-Clair Todibo,FRA,DF,24,1999,20.3,3,0,0,16,6,0,3,26,28,0,0,0,79,28,26,51.9
ENG-Premier League,2425,West Ham,Kaelan Casey,ENG,DF,19,2004,0.0,0,0,0,0,0,0,0,0,0,0,0,0,0,1,0,100.0
ENG-Premier League,2425,West Ham,Konstantinos Mavropanos,GRE,DF,26,1997,22.7,6,1,1,17,16,3,2,40,24,0,0,0,77,57,25,69.5
ENG-Premier League,2425,West Ham,Lewis Orford,ENG,MF,18,2006,0.5,0,0,0,0,0,0,1,1,0,0,0,0,7,0,1,0.0
ENG-Premier League,2425,West Ham,Lucas Paquetá,BRA,"MF,FW",26,1997,26.4,10,0,0,53,62,6,29,18,37,0,1,0,149,48,57,45.7
ENG-Premier League,2425,West Ham,Luis Guilherme,BRA,"MF,FW",18,2006,1.7,0,0,0,0,4,0,8,3,0,0,0,0,7,2,1,66.7
ENG-Premier League,2425,West Ham,Max Kilman,ENG,DF,27,1997,37.2,5,0,0,23,13,2,4,38,24,0,0,0,146,113,55,67.3
ENG-Premier League,2425,West Ham,Michail Antonio,JAM,FW,34,1990,9.3,1,0,0,12,7,4,25,0,2,0,0,0,22,17,22,43.6
ENG-Premier League,2425,West Ham,Mohammed Kudus,GHA,"FW,MF",23,2000,28.8,2,1,0,39,64,18,81,4,23,0,0,0,138,11,40,21.6
ENG-Premier League,2425,West Ham,Niclas Füllkrug,GER,FW,31,1993,8.8,2,0,0,21,6,10,1,1,3,0,0,0,18,39,52,42.9
ENG-Premier League,2425,West Ham,Oliver Scarles,ENG,"DF,FW",18,2005,7.4,1,0,0,5,3,1,15,11,11,0,0,0,34,6,6,50.0
ENG-Premier League,2425,West Ham,Tomáš Souček,CZE,MF,29,1995,28.5,8,0,0,47,25,4,14,20,21,1,0,0,63,99,73,57.6
ENG-Premier League,2425,West Ham,Vladimír Coufal,CZE,DF,31,1992,11.9,5,0,0,22,16,0,28,8,15,0,0,1,39,23,16,59.0
ENG-Premier League,2425,West Ham,Łukasz Fabiański,POL,GK,39,1985,12.9,2,0,0,2,1,0,0,0,0,0,2,0,5,3,1,75.0
ENG-Premier League,2425,Wolves,Alfie Pond,ENG,DF,20,2004,0.0,0,0,0,0,0,0,0,0,0,0,0,0,0,0,0,
ENG-Premier League,2425,Wolves,André,BRA,MF,23,2001,27.5,7,0,0,36,34,0,0,37,55,0,1,0,194,2,6,25.0
ENG-Premier League,2425,Wolves,Boubacar Traoré,MLI,MF,22,2001,0.0,0,0,0,0,0,0,0,0,0,0,0,0,0,0,1,0.0
ENG-Premier League,2425,Wolves,Carlos Forbs,POR,"MF,FW",20,2004,2.7,2,0,0,2,1,0,9,1,5,0,0,0,11,1,3,25.0
ENG-Premier League,2425,Wolves,Chiquinho,POR,MF,24,2000,0.1,0,0,0,1,0,0,1,0,0,0,0,0,1,0,0,
ENG-Premier League,2425,Wolves,Craig Dawson,ENG,DF,34,1990,10.8,2,0,0,6,5,2,0,9,3,0,0,2,35,21,11,65.6
ENG-Premier League,2425,Wolves,Daniel Bentley,ENG,GK,31,1993,2.0,0,0,0,0,0,0,0,0,0,0,0,0,4,2,0,100.0
ENG-Premier League,2425,Wolves,Daniel Podence,POR,"MF,FW",28,1995,0.5,0,0,0,0,2,0,1,0,0,0,0,0,1,0,1,0.0
ENG-Premier League,2425,Wolves,Emmanuel Agbadou,CIV,DF,27,1997,15.7,3,0,0,7,4,1,2,12,19,0,0,0,83,26,20,56.5
ENG-Premier League,2425,Wolves,Gonçalo Guedes,POR,"MF,FW",27,1996,11.1,1,0,0,15,17,3,22,5,5,0,0,0,36,5,13,27.8
ENG-Premier League,2425,Wolves,Hwang Hee-chan,KOR,"MF,FW",28,1996,7.3,0,0,0,6,9,0,8,2,4,0,0,0,28,3,9,25.0
ENG-Premier League,2425,Wolves,Jean-Ricner Bellegarde,FRA,"MF,FW",26,1998,18.6,3,0,0,31,47,1,44,10,24,0,0,0,62,10,19,34.5
ENG-Premier League,2425,Wolves,José Sá,POR,GK,31,1993,29.0,2,0,0,4,9,0,0,0,2,0,4,0,37,11,1,91.7
ENG-Premier League,2425,Wolves,João Gomes,BRA,MF,23,2001,33.0,11,1,1,70,47,1,29,25,71,0,0,0,200,11,26,29.7
ENG-Premier League,2425,Wolves,Jørgen Strand Larsen,NOR,FW,24,2000,28.7,4,0,0,46,19,16,6,6,6,0,0,0,42,67,100,40.1
ENG-Premier League,2425,Wolves,Mario Lemina,GAB,"MF,DF",30,1993,15.2,4,0,0,17,8,4,10,27,31,0,1,0,73,25,16,61.0
ENG-Premier League,2425,Wolves,Marshall Munetsi,ZIM,"MF,FW",28,1996,12.0,0,0,0,19,10,3,10,6,10,0,0,0,35,29,23,55.8
ENG-Premier League,2425,Wolves,Mateus Mane,,MF,,,0.0,0,0,0,0,0,0,0,0,0,0,0,0,0,1,0,100.0
ENG-Premier League,2425,Wolves,Matheus Cunha,BRA,"MF,FW",25,1999,28.9,4,0,0,42,71,8,142,17,22,0,1,0,125,13,29,31.0
ENG-Premier League,2425,Wolves,Matt Doherty,IRL,DF,32,1992,23.4,6,0,0,18,11,2,22,22,21,0,0,1,106,56,21,72.7
ENG-Premier League,2425,Wolves,Nasser Djiga,BFA,DF,21,2002,0.7,0,0,0,0,1,0,0,2,0,0,0,0,2,1,1,50.0
ENG-Premier League,2425,Wolves,Nélson Semedo,POR,DF,30,1993,32.1,8,0,0,48,30,4,63,23,36,0,1,0,139,28,42,40.0
ENG-Premier League,2425,Wolves,Pablo Sarabia,ESP,"MF,FW",32,1992,9.0,3,0,0,16,15,5,47,4,8,0,0,0,34,5,14,26.3
ENG-Premier League,2425,Wolves,Pedro Lima,BRA,DF,18,2006,0.8,0,0,0,1,1,1,5,2,0,0,0,0,3,0,3,0.0
ENG-Premier League,2425,Wolves,Rayan Aït-Nouri,ALG,DF,23,2001,34.5,7,1,1,30,46,6,94,26,57,0,0,0,145,22,30,42.3
ENG-Premier League,2425,Wolves,Rodrigo Gomes,POR,"DF,FW",21,2003,9.0,0,0,0,4,6,0,23,7,15,0,0,0,28,8,17,32.0
ENG-Premier League,2425,Wolves,Sam Johnstone,ENG,GK,31,1993,7.0,0,0,0,0,0,0,0,0,0,0,0,0,9,4,0,100.0
ENG-Premier League,2425,Wolves,Santiago Bueno,URU,DF,25,1998,18.7,2,0,0,26,5,0,0,15,21,0,0,0,43,35,31,53.0
ENG-Premier League,2425,Wolves,Tom King,WAL,GK,29,1995,0.0,0,0,0,0,0,0,0,0,0,0,0,0,0,0,0,
ENG-Premier League,2425,Wolves,Tommy Doyle,ENG,MF,22,2001,5.4,1,0,0,5,5,0,15,5,6,0,0,0,43,1,6,14.3
ENG-Premier League,2425,Wolves,Toti Gomes,POR,DF,25,1999,29.0,7,0,0,24,15,4,13,25,43,0,1,0,116,53,26,67.1
ENG-Premier League,2425,Wolves,Yerson Mosquera,COL,DF,23,2001,4.9,2,0,0,6,7,1,2,10,7,0,0,0,24,11,6,64.7
