league,season,team,player,nation,pos,age,born,90s,Touches_Touches,Touches_Def Pen,Touches_Def 3rd,Touches_Mid 3rd,Touches_Att 3rd,Touches_Att Pen,Touches_Live,Take-Ons_Att,Take-Ons_Succ,Take-Ons_Succ%,Take-Ons_Tkld,Take-Ons_Tkld%,Carries_Carries,Carries_TotDist,Carries_PrgDist,Carries_PrgC,Carries_1/3,Carries_CPA,Carries_Mis,Carries_Dis,Receiving_Rec,Receiving_PrgR
ENG-Premier League,2425,Arsenal,Ben White,ENG,DF,26,1997,13.3,813,55,214,367,238,28,813,6,0,0.0,5,83.3,394,1617,953,23,16,4,10,6,494,42
ENG-Premier League,2425,Arsenal,Bukayo Saka,ENG,"FW,MF",22,2001,19.2,979,6,57,216,715,162,978,90,41,45.6,37,41.1,628,4253,2460,96,32,51,34,40,711,255
ENG-Premier League,2425,Arsenal,David Raya,ESP,GK,28,1995,38.0,1480,880,1388,92,0,0,1480,1,1,100.0,0,0.0,921,4542,2729,0,0,0,1,0,841,0
ENG-Premier League,2425,Arsenal,Declan Rice,ENG,MF,25,1999,31.4,1948,82,325,909,733,81,1948,29,14,48.3,14,48.3,1031,6464,3394,90,58,16,36,32,1266,94
ENG-Premier League,2425,Arsenal,Ethan Nwaneri,ENG,"FW,MF",17,2007,9.9,544,3,44,167,339,44,544,62,37,59.7,19,30.6,365,2852,1329,46,25,17,23,17,398,113
ENG-Premier League,2425,Arsenal,Gabriel Jesus,BRA,FW,27,1997,6.8,299,9,28,108,165,48,299,22,9,40.9,10,45.5,179,953,432,15,6,11,13,13,217,57
ENG-Premier League,2425,Arsenal,Gabriel Magalhães,BRA,DF,26,1997,26.3,1873,189,672,985,225,40,1873,5,4,80.0,1,20.0,1116,4470,2669,10,22,0,9,2,1366,11
ENG-Premier League,2425,Arsenal,Gabriel Martinelli,BRA,"FW,MF",23,2001,25.4,994,17,102,247,660,182,994,109,33,30.3,60,55.0,670,4985,2620,124,33,64,50,38,752,289
ENG-Premier League,2425,Arsenal,Jakub Kiwior,POL,DF,24,2000,12.5,846,100,281,494,72,5,846,5,3,60.0,2,40.0,492,1988,1037,5,7,1,3,2,615,1
ENG-Premier League,2425,Arsenal,Jorginho,ITA,MF,32,1991,7.8,522,9,93,304,131,3,522,4,1,25.0,2,50.0,302,1498,874,12,13,0,12,9,389,6
ENG-Premier League,2425,Arsenal,Jurriën Timber,NED,DF,23,2001,26.9,1661,51,304,859,505,66,1661,53,24,45.3,24,45.3,890,3916,2076,57,27,11,33,24,1052,104
ENG-Premier League,2425,Arsenal,Kai Havertz,GER,"FW,MF",25,1999,20.8,785,31,92,287,411,107,785,38,9,23.7,24,63.2,418,2012,954,35,23,18,44,23,584,113
ENG-Premier League,2425,Arsenal,Kieran Tierney,SCO,"DF,FW",27,1997,2.9,199,8,36,72,91,6,199,4,2,50.0,1,25.0,108,447,253,8,6,1,3,0,143,29
ENG-Premier League,2425,Arsenal,Leandro Trossard,BEL,FW,29,1994,28.3,1278,17,135,399,762,158,1278,86,38,44.2,37,43.0,828,5024,2218,80,55,30,66,52,956,226
ENG-Premier League,2425,Arsenal,Martin Ødegaard,NOR,MF,25,1998,25.8,1694,9,126,708,875,115,1693,59,25,42.4,32,54.2,1174,7444,3772,92,85,26,38,40,1336,154
ENG-Premier League,2425,Arsenal,Mikel Merino,ESP,"MF,FW",28,1996,17.6,783,37,140,330,323,79,783,23,9,39.1,10,43.5,388,1518,747,11,13,4,24,27,504,94
ENG-Premier League,2425,Arsenal,Myles Lewis-Skelly,ENG,DF,17,2006,15.2,905,28,178,476,265,17,905,28,12,42.9,9,32.1,526,2692,1663,37,26,7,13,9,616,37
ENG-Premier League,2425,Arsenal,Nathan Butler-Oyedeji,ENG,FW,21,2003,0.1,1,0,0,0,1,1,1,0,0,,0,,0,0,0,0,0,0,0,0,0,0
ENG-Premier League,2425,Arsenal,Oleksandr Zinchenko,UKR,"DF,MF",27,1996,5.9,499,16,86,233,181,20,499,5,3,60.0,1,20.0,281,1348,573,10,8,3,3,4,348,14
ENG-Premier League,2425,Arsenal,Raheem Sterling,ENG,"FW,MF",29,1994,5.5,274,2,10,58,209,38,274,30,10,33.3,10,33.3,201,1407,750,27,11,15,13,14,211,79
ENG-Premier League,2425,Arsenal,Reiss Nelson,ENG,FW,24,1999,0.0,2,0,1,1,0,0,2,0,0,,0,,1,4,4,0,0,0,0,0,1,0
ENG-Premier League,2425,Arsenal,Riccardo Calafiori,ITA,DF,22,2002,10.9,653,30,164,264,229,30,653,13,9,69.2,3,23.1,308,1655,889,22,15,3,12,5,394,29
ENG-Premier League,2425,Arsenal,Takehiro Tomiyasu,JPN,DF,25,1998,0.1,7,1,4,1,2,1,7,0,0,,0,,1,7,5,0,0,0,0,0,2,0
ENG-Premier League,2425,Arsenal,Thomas Partey,GHA,"MF,DF",31,1993,31.1,2193,74,457,1214,534,33,2193,35,24,68.6,9,25.7,1256,6822,3691,36,42,3,24,17,1561,48
ENG-Premier League,2425,Arsenal,William Saliba,FRA,DF,23,2001,33.8,2824,190,1127,1571,142,18,2824,19,12,63.2,6,31.6,1756,7626,4154,16,17,1,19,8,2137,6
ENG-Premier League,2425,Aston Villa,Amadou Onana,BEL,MF,22,2001,18.0,998,71,269,586,159,23,998,20,14,70.0,3,15.0,553,2931,1577,29,25,1,11,9,671,16
ENG-Premier League,2425,Aston Villa,Andrés García,ESP,"DF,MF",21,2003,3.5,256,8,38,108,112,2,256,18,5,27.8,12,66.7,159,1262,673,26,13,2,10,6,168,28
ENG-Premier League,2425,Aston Villa,Axel Disasi,FRA,DF,26,1998,5.4,334,32,130,178,29,6,334,15,9,60.0,6,40.0,207,1268,621,10,8,2,3,2,223,5
ENG-Premier League,2425,Aston Villa,Boubacar Kamara,FRA,MF,24,1999,19.2,1113,95,344,637,141,12,1113,27,9,33.3,9,33.3,591,2976,1370,19,13,2,12,17,754,7
ENG-Premier League,2425,Aston Villa,Diego Carlos,BRA,DF,31,1993,9.2,674,86,331,330,15,6,674,2,2,100.0,0,0.0,419,2133,1162,3,3,0,1,2,481,0
ENG-Premier League,2425,Aston Villa,Donyell Malen,NED,FW,25,1999,3.4,129,2,9,33,94,25,129,11,4,36.4,5,45.5,79,652,370,12,7,7,8,7,87,30
ENG-Premier League,2425,Aston Villa,Emi Buendía,ARG,"MF,FW",27,1996,1.1,82,0,17,35,31,3,82,2,0,0.0,2,100.0,53,185,119,3,5,0,4,3,64,6
ENG-Premier League,2425,Aston Villa,Emiliano Martínez,ARG,GK,31,1992,35.5,1449,1095,1429,20,0,0,1449,1,1,100.0,0,0.0,889,4616,2936,0,0,0,1,0,784,0
ENG-Premier League,2425,Aston Villa,Ezri Konsa,ENG,DF,26,1997,32.6,1915,250,883,934,107,22,1915,18,8,44.4,7,38.9,1132,5817,3008,24,15,2,17,10,1338,11
ENG-Premier League,2425,Aston Villa,Ian Maatsen,NED,DF,22,2002,12.7,917,56,247,334,348,47,917,29,13,44.8,16,55.2,505,2636,1184,31,17,13,22,25,564,104
ENG-Premier League,2425,Aston Villa,Jacob Ramsey,ENG,"FW,MF",23,2001,18.0,762,12,146,272,359,74,762,46,25,54.3,13,28.3,496,3441,1766,61,31,21,42,23,577,114
ENG-Premier League,2425,Aston Villa,Jaden Philogene Bidace,ENG,"FW,MF",22,2002,3.7,145,4,27,54,66,14,145,15,4,26.7,8,53.3,75,520,239,7,5,7,7,3,83,17
ENG-Premier League,2425,Aston Villa,John McGinn,SCO,"MF,FW",29,1994,24.7,1072,31,164,558,361,58,1072,47,20,42.6,13,27.7,581,2930,1270,32,17,7,37,29,744,87
ENG-Premier League,2425,Aston Villa,Jáder Durán,COL,FW,20,2003,7.1,263,13,36,110,122,47,263,14,3,21.4,9,64.3,133,535,267,7,7,2,16,15,192,44
ENG-Premier League,2425,Aston Villa,Kosta Nedeljković,SRB,DF,18,2005,1.4,66,4,15,32,19,0,66,2,1,50.0,1,50.0,27,101,33,1,0,0,1,0,32,0
ENG-Premier League,2425,Aston Villa,Lamare Bogarde,NED,"DF,MF",20,2004,5.3,325,16,95,191,40,4,325,4,2,50.0,1,25.0,173,1031,599,12,6,1,6,8,212,9
ENG-Premier League,2425,Aston Villa,Leon Bailey,JAM,"FW,MF",26,1997,12.7,545,18,77,155,323,70,545,57,22,38.6,24,42.1,348,2582,1371,58,23,34,35,25,390,121
ENG-Premier League,2425,Aston Villa,Lucas Digne,FRA,DF,31,1993,26.1,1527,97,541,457,539,28,1527,19,9,47.4,9,47.4,683,2983,1346,23,14,4,17,16,820,142
ENG-Premier League,2425,Aston Villa,Marco Asensio,ESP,MF,28,1996,8.3,386,6,38,158,200,30,384,19,12,63.2,5,26.3,242,1466,682,22,21,5,9,8,265,38
ENG-Premier League,2425,Aston Villa,Marcus Rashford,ENG,FW,26,1997,4.9,227,2,14,58,159,30,226,22,9,40.9,13,59.1,127,892,471,22,10,15,8,1,149,42
ENG-Premier League,2425,Aston Villa,Matty Cash,POL,DF,26,1997,23.0,1186,90,432,463,304,42,1186,40,19,47.5,16,40.0,595,3700,1864,48,38,4,20,10,654,90
ENG-Premier League,2425,Aston Villa,Morgan Rogers,ENG,"FW,MF",22,2002,34.6,1362,43,200,592,597,142,1362,160,66,41.3,74,46.3,794,5594,3232,114,68,33,114,74,956,188
ENG-Premier League,2425,Aston Villa,Ollie Watkins,ENG,FW,28,1995,28.9,695,18,50,248,407,168,693,41,10,24.4,27,65.9,409,2243,1125,55,21,38,60,50,552,165
ENG-Premier League,2425,Aston Villa,Pau Torres,ESP,DF,27,1997,22.4,1518,237,701,726,97,17,1518,17,15,88.2,2,11.8,965,6359,4176,40,27,0,6,5,1090,8
ENG-Premier League,2425,Aston Villa,Robin Olsen,SWE,GK,34,1990,2.5,110,94,109,1,0,0,110,0,0,,0,,50,270,132,0,0,0,0,0,46,0
ENG-Premier League,2425,Aston Villa,Ross Barkley,ENG,MF,30,1993,6.5,464,17,75,275,121,19,464,16,12,75.0,4,25.0,277,1560,733,15,15,2,7,8,328,10
ENG-Premier League,2425,Aston Villa,Tyrone Mings,ENG,DF,31,1993,12.4,794,146,405,346,47,17,794,3,2,66.7,1,33.3,484,2662,1365,7,13,1,3,1,532,1
ENG-Premier League,2425,Aston Villa,Youri Tielemans,BEL,MF,27,1997,33.6,2385,103,479,1366,565,45,2384,61,31,50.8,19,31.1,1288,5561,2551,39,26,9,31,29,1667,48
ENG-Premier League,2425,Bournemouth,Adam Smith,ENG,DF,33,1991,17.7,825,41,240,394,197,8,825,16,6,37.5,7,43.8,366,1552,711,15,18,1,13,7,403,34
ENG-Premier League,2425,Bournemouth,Alex Scott,ENG,MF,20,2003,8.4,485,24,90,257,144,18,485,26,6,23.1,13,50.0,247,1401,663,15,10,3,23,8,294,33
ENG-Premier League,2425,Bournemouth,Antoine Semenyo,GHA,FW,24,2000,35.6,1653,46,206,573,909,191,1653,135,69,51.1,57,42.2,979,7353,3581,140,69,67,84,77,1140,282
ENG-Premier League,2425,Bournemouth,Ben Winterburn,ENG,"MF,FW",19,2004,0.3,9,0,2,5,2,1,9,0,0,,0,,6,50,40,2,0,1,0,0,6,2
ENG-Premier League,2425,Bournemouth,Dango Ouattara,BFA,FW,22,2002,22.3,959,62,165,316,497,128,959,82,39,47.6,34,41.5,492,3577,1777,79,35,38,63,32,577,191
ENG-Premier League,2425,Bournemouth,Daniel Jebbison,CAN,FW,20,2003,1.3,78,3,10,25,44,14,78,7,4,57.1,3,42.9,44,277,95,4,2,5,13,5,47,16
ENG-Premier League,2425,Bournemouth,David Brooks,WAL,"FW,MF",27,1997,10.7,545,15,59,207,289,39,545,34,11,32.4,20,58.8,342,2344,1115,35,25,10,30,14,375,83
ENG-Premier League,2425,Bournemouth,Dean Huijsen,ESP,DF,19,2005,27.0,2021,254,915,971,145,30,2021,5,2,40.0,3,60.0,1118,7072,4349,41,31,0,20,1,1271,10
ENG-Premier League,2425,Bournemouth,Enes Ünal,TUR,"FW,MF",27,1997,3.8,172,6,14,63,95,26,172,12,1,8.3,10,83.3,91,261,95,4,3,1,17,13,133,22
ENG-Premier League,2425,Bournemouth,Evanilson,BRA,FW,24,1999,25.8,558,23,56,208,299,127,557,21,7,33.3,8,38.1,333,1822,861,29,18,15,38,24,400,99
ENG-Premier League,2425,Bournemouth,Illia Zabarnyi,UKR,DF,21,2002,34.5,2062,234,929,1078,77,16,2062,9,6,66.7,2,22.2,1282,8351,4948,27,21,0,14,3,1306,4
ENG-Premier League,2425,Bournemouth,James Hill,ENG,DF,22,2002,5.0,319,19,99,167,54,8,319,2,1,50.0,1,50.0,146,552,295,3,6,0,2,0,179,8
ENG-Premier League,2425,Bournemouth,Julian Araujo,MEX,DF,22,2001,5.5,275,20,90,136,55,2,275,1,0,0.0,1,100.0,126,482,258,4,3,0,5,2,149,22
ENG-Premier League,2425,Bournemouth,Julio Soler,ARG,"DF,FW",19,2005,0.1,17,0,3,6,8,0,17,0,0,,0,,12,30,8,0,0,0,1,0,14,2
ENG-Premier League,2425,Bournemouth,Justin Kluivert,NED,MF,25,1999,26.0,1086,24,99,366,641,134,1080,87,36,41.4,40,46.0,646,4198,2364,81,55,38,55,27,710,173
ENG-Premier League,2425,Bournemouth,Kepa Arrizabalaga,ESP,GK,29,1994,31.0,1087,800,1057,29,1,1,1087,1,1,100.0,0,0.0,621,3129,1797,0,0,0,0,0,486,0
ENG-Premier League,2425,Bournemouth,Lewis Cook,ENG,"MF,DF",27,1997,33.1,1900,87,440,1010,470,20,1900,20,13,65.0,7,35.0,825,4125,2159,33,29,4,31,18,965,52
ENG-Premier League,2425,Bournemouth,Luis Sinisterra,COL,"FW,MF",25,1999,2.6,155,7,18,41,96,23,155,20,8,40.0,10,50.0,95,744,393,19,6,10,6,3,102,38
ENG-Premier League,2425,Bournemouth,Marcos Senesi,ARG,DF,27,1997,12.3,889,73,391,427,82,16,889,10,6,60.0,4,40.0,554,2862,1677,12,16,0,7,6,565,7
ENG-Premier League,2425,Bournemouth,Marcus Tavernier,ENG,"FW,MF",25,1999,21.5,1196,20,135,468,622,58,1196,65,28,43.1,31,47.7,705,4335,2068,53,51,9,46,47,790,129
ENG-Premier League,2425,Bournemouth,Mark Travers,IRL,GK,25,1999,5.0,162,144,159,3,0,0,162,0,0,,0,,85,426,188,0,0,0,0,0,68,0
ENG-Premier League,2425,Bournemouth,Max Aarons,ENG,DF,24,2000,1.0,73,2,19,40,15,0,73,2,0,0.0,1,50.0,41,152,68,1,0,0,1,0,40,3
ENG-Premier League,2425,Bournemouth,Milos Kerkez,HUN,DF,20,2003,37.1,2158,112,552,900,731,69,2158,48,22,45.8,16,33.3,1094,6388,3711,106,73,16,49,22,1196,197
ENG-Premier League,2425,Bournemouth,Neto,BRA,GK,35,1989,2.0,70,60,70,0,0,0,70,0,0,,0,,35,148,99,0,0,0,0,0,28,0
ENG-Premier League,2425,Bournemouth,Philip Billing,DEN,MF,28,1996,2.0,148,5,20,72,57,12,148,3,1,33.3,0,0.0,58,254,163,3,1,1,7,4,75,13
ENG-Premier League,2425,Bournemouth,Remy Rees-Dottin,ENG,FW,18,2006,0.0,0,0,0,0,0,0,0,0,0,,0,,0,0,0,0,0,0,0,0,0,0
ENG-Premier League,2425,Bournemouth,Ryan Christie,SCO,MF,29,1995,23.5,1376,74,256,773,372,46,1376,48,23,47.9,22,45.8,726,3802,1773,34,40,8,44,25,777,44
ENG-Premier League,2425,Bournemouth,Tyler Adams,USA,MF,25,1999,21.8,1337,62,349,779,224,18,1337,18,4,22.2,10,55.6,663,3337,1447,14,22,1,28,12,757,10
ENG-Premier League,2425,Bournemouth,Zain Silcott-Duberry,MSR,FW,19,2005,0.0,3,0,1,0,2,0,3,0,0,,0,,1,6,6,0,0,0,0,0,2,0
ENG-Premier League,2425,Brentford,Ben Mee,ENG,DF,34,1989,2.0,138,18,66,62,11,3,138,0,0,,0,,78,404,274,3,1,1,0,0,86,2
ENG-Premier League,2425,Brentford,Bryan Mbeumo,CMR,FW,24,1999,37.9,1781,62,246,567,998,168,1775,111,52,46.8,47,42.3,1077,6721,3519,130,69,75,106,47,1204,351
ENG-Premier League,2425,Brentford,Christian Nørgaard,DEN,MF,30,1994,31.3,1802,176,613,855,350,57,1802,14,7,50.0,5,35.7,826,3115,1391,14,16,4,34,20,1075,42
ENG-Premier League,2425,Brentford,Edmond-Paris Maghoma,ENG,"MF,FW",23,2001,1.3,101,2,18,58,27,4,101,4,3,75.0,1,25.0,68,414,221,4,3,1,2,0,75,4
ENG-Premier League,2425,Brentford,Ethan Pinnock,JAM,DF,31,1993,21.3,1348,294,783,457,109,24,1348,9,3,33.3,6,66.7,633,3117,1633,3,4,0,2,4,760,9
ENG-Premier League,2425,Brentford,Fabio Carvalho,POR,"FW,MF",21,2002,5.1,247,4,44,91,113,22,247,14,2,14.3,10,71.4,137,698,356,9,3,0,13,8,145,23
ENG-Premier League,2425,Brentford,Frank Onyeka,NGA,MF,26,1998,0.3,10,0,1,5,4,0,10,0,0,,0,,6,55,14,0,0,0,2,1,6,0
ENG-Premier League,2425,Brentford,Gustavo Nunes,BRA,"FW,MF",18,2005,0.1,7,1,4,1,2,1,7,0,0,,0,,1,16,11,1,0,1,1,0,1,0
ENG-Premier League,2425,Brentford,Hákon Rafn Valdimarsson,ISL,GK,22,2001,1.6,72,60,71,1,0,0,72,0,0,,0,,44,191,80,0,0,0,0,0,36,0
ENG-Premier League,2425,Brentford,Jayden Meghoma,ENG,DF,18,2006,0.1,3,1,2,0,1,0,3,0,0,,0,,1,1,0,0,0,0,0,0,2,0
ENG-Premier League,2425,Brentford,Keane Lewis-Potter,ENG,"DF,FW",23,2001,34.4,1613,102,504,625,505,74,1613,101,41,40.6,50,49.5,868,6085,3211,98,69,35,51,20,966,156
ENG-Premier League,2425,Brentford,Kevin Schade,GER,FW,22,2001,25.5,883,43,154,238,507,146,883,89,30,33.7,52,58.4,434,3086,1357,61,28,38,60,36,543,165
ENG-Premier League,2425,Brentford,Kim Jisoo,KOR,DF,19,2004,0.3,30,1,15,12,3,0,30,0,0,,0,,15,57,22,0,0,0,0,1,22,0
ENG-Premier League,2425,Brentford,Kristoffer Ajer,NOR,DF,26,1998,16.0,795,53,265,368,168,38,795,16,7,43.8,8,50.0,387,2098,1180,27,11,2,15,12,491,44
ENG-Premier League,2425,Brentford,Mads Roerslev,DEN,DF,25,1999,12.2,645,49,234,268,146,20,645,19,7,36.8,8,42.1,352,1630,858,17,13,0,9,6,406,54
ENG-Premier League,2425,Brentford,Mark Flekken,NED,GK,31,1993,36.4,1824,1436,1777,52,0,0,1824,1,1,100.0,0,0.0,1122,5725,3253,0,0,0,3,0,1015,0
ENG-Premier League,2425,Brentford,Mathias Jensen,DEN,MF,28,1996,9.6,573,27,126,243,207,9,573,17,9,52.9,6,35.3,300,1296,598,6,12,0,9,7,350,27
ENG-Premier League,2425,Brentford,Michael Kayode,ITA,DF,20,2004,5.9,313,23,101,121,97,13,313,18,9,50.0,8,44.4,144,944,500,12,7,3,13,3,143,24
ENG-Premier League,2425,Brentford,Mikkel Damsgaard,DEN,"MF,FW",24,2000,32.3,1883,36,331,863,713,76,1883,97,50,51.5,36,37.1,1076,5883,3075,73,54,9,63,47,1239,137
ENG-Premier League,2425,Brentford,Nathan Collins,IRL,DF,23,2001,38.0,2435,385,1275,1002,169,69,2435,12,6,50.0,5,41.7,1289,6994,4130,32,12,1,20,8,1490,18
ENG-Premier League,2425,Brentford,Rico Henry,ENG,DF,27,1997,1.1,66,6,22,29,16,1,66,3,0,0.0,2,66.7,30,149,60,0,1,0,3,2,27,5
ENG-Premier League,2425,Brentford,Ryan Trevitt,ENG,MF,21,2003,0.0,7,1,2,4,1,0,7,0,0,,0,,4,7,2,0,0,0,0,0,4,1
ENG-Premier League,2425,Brentford,Sepp van den Berg,NED,DF,22,2001,28.7,1605,282,819,621,169,48,1605,7,4,57.1,3,42.9,737,3762,1974,12,10,1,15,7,917,28
ENG-Premier League,2425,Brentford,Thiago,BRA,"FW,MF",23,2001,1.9,83,7,15,34,36,4,83,5,3,60.0,2,40.0,45,159,53,3,3,1,6,2,51,8
ENG-Premier League,2425,Brentford,Vitaly Janelt,GER,MF,26,1998,25.0,1289,118,418,574,306,32,1289,12,3,25.0,7,58.3,651,3005,1278,17,18,3,16,10,814,38
ENG-Premier League,2425,Brentford,Yehor Yarmoliuk,UKR,MF,20,2004,16.1,960,61,277,501,203,15,960,27,13,48.1,11,40.7,520,2790,908,15,19,3,26,21,599,47
ENG-Premier League,2425,Brentford,Yoane Wissa,COD,FW,27,1996,32.4,925,34,136,376,432,163,925,49,15,30.6,24,49.0,550,3469,1662,60,26,34,77,35,658,154
ENG-Premier League,2425,Brentford,Yunus Emre Konak,TUR,"FW,MF",18,2006,0.5,53,0,9,27,17,0,53,2,0,0.0,2,100.0,17,67,41,1,1,1,3,3,28,2
ENG-Premier League,2425,Brighton,Adam Webster,ENG,DF,29,1995,9.9,824,119,389,399,43,15,824,3,1,33.3,2,66.7,476,2600,1475,8,6,0,5,1,552,2
ENG-Premier League,2425,Brighton,Bart Verbruggen,NED,GK,21,2002,36.0,1406,1109,1392,14,0,0,1406,2,2,100.0,0,0.0,955,3507,1804,0,1,1,2,0,909,0
ENG-Premier League,2425,Brighton,Billy Gilmour,SCO,MF,23,2001,1.1,73,2,14,46,13,0,73,2,1,50.0,1,50.0,44,210,117,2,0,0,0,0,58,2
ENG-Premier League,2425,Brighton,Brajan Gruda,GER,"MF,FW",20,2004,7.6,344,4,38,120,192,46,344,30,13,43.3,12,40.0,202,1447,662,22,19,13,14,21,222,57
ENG-Premier League,2425,Brighton,Carlos Baleba,CMR,MF,20,2004,29.6,1697,94,410,994,339,12,1697,57,33,57.9,20,35.1,971,5692,2810,43,45,3,39,42,1035,29
ENG-Premier League,2425,Brighton,Danny Welbeck,ENG,FW,33,1990,23.5,726,18,58,318,356,102,725,37,13,35.1,21,56.8,448,2065,890,21,23,8,49,28,547,95
ENG-Premier League,2425,Brighton,Diego Gómez,PAR,MF,21,2003,5.7,403,21,87,212,109,10,403,12,6,50.0,6,50.0,193,746,365,8,4,0,10,9,247,23
ENG-Premier League,2425,Brighton,Eiran Cashin,IRL,DF,22,2001,0.2,32,2,10,20,2,0,32,1,0,0.0,1,100.0,21,133,99,0,0,0,0,0,25,1
ENG-Premier League,2425,Brighton,Evan Ferguson,IRL,FW,19,2004,2.7,88,7,13,50,26,9,88,2,1,50.0,1,50.0,42,183,56,2,1,2,5,6,52,9
ENG-Premier League,2425,Brighton,Ferdi Kadioglu,TUR,"DF,MF",24,1999,4.3,231,13,71,91,72,9,231,7,3,42.9,3,42.9,124,479,183,1,0,0,6,2,144,27
ENG-Premier League,2425,Brighton,Georginio Rutter,FRA,"MF,FW",22,2002,18.4,641,20,83,246,326,79,641,71,27,38.0,34,47.9,361,2467,1405,42,36,16,45,37,411,79
ENG-Premier League,2425,Brighton,Harry Howell,ENG,FW,15,2008,0.1,12,1,1,7,4,3,12,0,0,,0,,9,48,8,0,0,1,0,0,10,3
ENG-Premier League,2425,Brighton,Igor,BRA,DF,26,1998,10.7,816,109,385,381,54,1,816,6,5,83.3,1,16.7,530,2962,1837,9,14,0,1,0,606,1
ENG-Premier League,2425,Brighton,Jack Hinshelwood,ENG,"MF,DF",19,2005,20.5,1199,50,322,560,323,35,1199,11,2,18.2,8,72.7,590,2435,1189,19,20,2,18,3,762,54
ENG-Premier League,2425,Brighton,Jakub Moder,POL,MF,25,1999,0.1,27,2,7,12,9,1,27,0,0,,0,,13,93,62,2,3,0,0,0,14,0
ENG-Premier League,2425,Brighton,James Milner,ENG,MF,38,1986,1.9,93,3,13,49,31,4,93,1,1,100.0,0,0.0,47,223,97,1,1,0,0,0,59,10
ENG-Premier League,2425,Brighton,Jan Paul van Hecke,NED,DF,24,2000,32.9,2589,272,1094,1350,166,33,2589,11,5,45.5,4,36.4,1715,10633,7191,55,46,0,12,7,1820,5
ENG-Premier League,2425,Brighton,Jason Steele,ENG,GK,33,1990,2.0,114,107,114,0,0,0,114,0,0,,0,,91,361,151,0,0,0,0,0,83,0
ENG-Premier League,2425,Brighton,Jeremy Sarmiento,ECU,MF,22,2002,0.1,8,0,0,6,2,0,8,0,0,,0,,6,61,10,0,0,0,1,0,7,2
ENG-Premier League,2425,Brighton,João Pedro,BRA,"FW,MF",22,2001,21.6,940,12,60,387,508,122,935,86,29,33.7,47,54.7,616,3821,1821,66,39,30,72,38,732,128
ENG-Premier League,2425,Brighton,Joël Veltman,NED,DF,32,1992,18.9,1133,65,332,558,253,10,1133,15,4,26.7,5,33.3,548,2917,1521,32,25,3,19,7,626,34
ENG-Premier League,2425,Brighton,Julio Enciso,PAR,"MF,FW",20,2004,3.3,202,2,17,72,116,20,202,21,10,47.6,8,38.1,114,678,386,11,10,4,7,9,141,17
ENG-Premier League,2425,Brighton,Kaoru Mitoma,JPN,"FW,MF",27,1997,28.9,1375,17,155,468,782,164,1375,131,52,39.7,74,56.5,830,6659,3906,146,82,56,53,23,966,291
ENG-Premier League,2425,Brighton,Lewis Dunk,ENG,DF,32,1991,23.1,2127,258,993,1031,113,21,2127,1,0,0.0,1,100.0,1341,6155,3345,20,19,0,9,3,1556,3
ENG-Premier League,2425,Brighton,Mats Wieffer,NED,"DF,MF",24,1999,11.3,867,55,223,450,206,22,867,15,7,46.7,7,46.7,483,2351,1051,18,20,1,19,9,533,23
ENG-Premier League,2425,Brighton,Matt O'Riley,DEN,MF,23,2000,10.4,525,20,80,232,215,47,524,13,8,61.5,4,30.8,275,1139,544,22,12,8,19,4,307,52
ENG-Premier League,2425,Brighton,Pervis Estupiñán,ECU,DF,26,1998,26.7,1915,89,493,936,506,35,1915,34,19,55.9,13,38.2,1023,5007,2689,59,61,9,34,27,1144,112
ENG-Premier League,2425,Brighton,Simon Adingra,CIV,"FW,MF",22,2002,12.2,548,10,66,174,315,76,548,50,21,42.0,27,54.0,366,2514,1300,50,21,27,39,12,388,136
ENG-Premier League,2425,Brighton,Solly March,ENG,"FW,MF",30,1994,1.9,118,3,12,33,73,7,118,4,1,25.0,3,75.0,57,398,167,5,2,3,3,1,67,20
ENG-Premier League,2425,Brighton,Tariq Lamptey,GHA,DF,23,2000,9.6,535,29,161,224,154,11,535,31,10,32.3,18,58.1,292,2081,1034,32,17,3,11,5,302,45
ENG-Premier League,2425,Brighton,Yankuba Minteh,GAM,"FW,MF",20,2004,20.4,836,30,135,228,491,146,836,98,46,46.9,43,43.9,481,3573,2105,90,24,67,53,28,511,201
ENG-Premier League,2425,Brighton,Yasin Ayari,SWE,MF,20,2003,21.8,1233,58,275,624,354,45,1233,45,18,40.0,18,40.0,655,3244,1466,30,25,6,38,22,801,61
ENG-Premier League,2425,Chelsea,Axel Disasi,FRA,DF,26,1998,4.0,323,17,110,175,40,2,323,1,1,100.0,0,0.0,196,953,519,6,3,0,1,3,242,2
ENG-Premier League,2425,Chelsea,Benoît Badiashile,FRA,DF,23,2001,3.7,336,31,138,186,13,0,336,1,0,0.0,1,100.0,177,660,340,3,5,0,1,0,247,2
ENG-Premier League,2425,Chelsea,Christopher Nkunku,FRA,FW,26,1997,10.2,448,10,52,183,217,52,448,27,10,37.0,14,51.9,280,1368,628,17,16,13,18,17,356,68
ENG-Premier League,2425,Chelsea,Cole Palmer,ENG,"MF,FW",22,2002,35.5,1851,23,150,824,901,144,1846,113,51,45.1,46,40.7,1173,7917,3804,120,76,41,71,37,1366,187
ENG-Premier League,2425,Chelsea,Enzo Fernández,ARG,MF,23,2001,32.7,2210,37,346,1129,751,81,2210,55,26,47.3,21,38.2,1211,5652,2735,60,55,9,29,28,1622,126
ENG-Premier League,2425,Chelsea,Filip Jørgensen,DEN,GK,22,2002,6.0,202,174,201,1,0,0,202,0,0,,0,,145,676,423,0,0,0,0,0,139,0
ENG-Premier League,2425,Chelsea,Jadon Sancho,ENG,FW,24,2000,19.6,975,13,117,283,585,121,975,97,45,46.4,40,41.2,653,4450,2435,102,35,57,30,21,760,225
ENG-Premier League,2425,Chelsea,Joshua Acheampong,ENG,DF,18,2006,1.9,137,7,48,81,8,3,137,2,1,50.0,0,0.0,106,709,409,0,2,0,2,0,111,0
ENG-Premier League,2425,Chelsea,João Félix,POR,"FW,MF",24,1999,4.1,272,2,26,128,125,30,272,31,10,32.3,14,45.2,193,1248,712,21,13,5,6,4,218,30
ENG-Premier League,2425,Chelsea,Kiernan Dewsbury-Hall,ENG,"MF,FW",25,1998,2.9,184,5,30,96,58,6,184,4,2,50.0,2,50.0,95,483,221,5,1,0,1,3,138,11
ENG-Premier League,2425,Chelsea,Levi Colwill,ENG,DF,21,2003,35.0,2904,383,1363,1417,140,36,2904,12,6,50.0,5,41.7,1621,7389,4028,14,12,1,14,8,2092,12
ENG-Premier League,2425,Chelsea,Malo Gusto,FRA,DF,21,2003,20.7,1595,64,387,772,451,43,1595,16,4,25.0,11,68.8,882,4513,2248,50,36,8,18,17,1072,85
ENG-Premier League,2425,Chelsea,Marc Cucurella,ESP,DF,26,1998,33.2,2244,119,677,1045,532,75,2244,15,4,26.7,9,60.0,944,4027,2336,35,22,2,28,7,1385,117
ENG-Premier League,2425,Chelsea,Marc Guiu,ESP,FW,18,2006,0.8,22,0,2,8,12,3,22,1,0,0.0,1,100.0,12,30,8,0,0,0,2,0,12,3
ENG-Premier League,2425,Chelsea,Mathis Amougou,FRA,MF,18,2006,0.1,9,1,2,4,3,0,9,0,0,,0,,7,25,5,0,1,0,0,1,6,0
ENG-Premier League,2425,Chelsea,Moisés Caicedo,ECU,"MF,DF",22,2001,37.2,2579,95,562,1570,476,15,2579,64,29,45.3,22,34.4,1409,6882,3384,43,38,2,37,25,1780,37
ENG-Premier League,2425,Chelsea,Mykhailo Mudryk,UKR,FW,23,2001,1.7,62,3,12,15,38,6,62,8,3,37.5,5,62.5,39,468,227,7,8,0,3,7,42,12
ENG-Premier League,2425,Chelsea,Nicolas Jackson,SEN,FW,23,2001,24.7,687,19,50,285,361,141,687,61,18,29.5,32,52.5,417,2510,1316,47,25,32,71,41,514,129
ENG-Premier League,2425,Chelsea,Noni Madueke,ENG,FW,22,2002,22.6,980,22,101,301,595,184,980,102,45,44.1,46,45.1,641,5413,3485,154,50,93,52,25,756,226
ENG-Premier League,2425,Chelsea,Pedro Neto,POR,FW,24,2000,25.2,1153,13,100,336,735,116,1153,104,34,32.7,46,44.2,746,6336,3342,126,57,45,45,30,838,253
ENG-Premier League,2425,Chelsea,Reece James,ENG,"DF,MF",24,1999,11.8,952,43,267,516,176,7,952,17,7,41.2,6,35.3,486,1877,822,7,4,1,7,9,607,12
ENG-Premier League,2425,Chelsea,Renato Veiga,POR,"DF,MF",21,2003,2.0,167,2,61,82,27,3,167,5,3,60.0,2,40.0,85,417,144,4,5,1,1,0,110,3
ENG-Premier League,2425,Chelsea,Robert Sánchez,ESP,GK,26,1997,32.0,1323,980,1311,12,0,0,1323,0,0,,0,,881,4456,2852,0,0,0,0,0,822,0
ENG-Premier League,2425,Chelsea,Roméo Lavia,BEL,MF,20,2004,8.9,493,17,109,319,71,1,493,16,10,62.5,6,37.5,295,1373,567,3,9,0,3,7,359,7
ENG-Premier League,2425,Chelsea,Shumaira Mheuka,ENG,MF,16,2007,0.0,2,0,0,0,2,1,2,0,0,,0,,1,0,0,0,0,0,0,0,2,0
ENG-Premier League,2425,Chelsea,Tosin Adarabioyo,ENG,DF,26,1997,15.7,1330,175,630,674,27,14,1330,6,4,66.7,1,16.7,777,3207,1809,5,2,0,4,0,1000,1
ENG-Premier League,2425,Chelsea,Trevoh Chalobah,ENG,DF,25,1999,10.1,774,73,331,389,59,12,774,5,2,40.0,1,20.0,426,1753,772,4,5,1,3,2,574,2
ENG-Premier League,2425,Chelsea,Tyrique George,ENG,FW,18,2006,2.0,70,1,11,21,39,9,70,5,3,60.0,2,40.0,46,373,209,9,1,5,3,0,53,22
ENG-Premier League,2425,Chelsea,Wesley Fofana,FRA,DF,23,2000,13.0,933,81,370,523,55,10,933,15,8,53.3,3,20.0,557,3149,1614,19,12,1,16,5,665,4
ENG-Premier League,2425,Crystal Palace,Adam Wharton,ENG,MF,20,2004,14.6,872,30,204,463,212,11,872,10,2,20.0,8,80.0,430,2014,1078,14,23,2,17,13,533,11
ENG-Premier League,2425,Crystal Palace,Asher Agbinone,ENG,MF,18,2005,0.1,8,0,0,2,6,0,8,2,0,0.0,1,50.0,5,53,23,2,0,0,0,1,5,1
ENG-Premier League,2425,Crystal Palace,Ben Chilwell,ENG,DF,27,1996,2.9,175,10,63,76,42,3,175,6,2,33.3,3,50.0,68,354,243,5,2,1,4,2,68,15
ENG-Premier League,2425,Crystal Palace,Caleb Kporha,ENG,DF,18,2006,0.1,11,1,4,2,5,0,11,0,0,,0,,4,46,36,1,1,0,0,2,3,0
ENG-Premier League,2425,Crystal Palace,Chadi Riad,MAR,DF,21,2003,1.0,90,5,41,49,1,0,90,0,0,,0,,58,318,232,2,0,0,1,0,69,0
ENG-Premier League,2425,Crystal Palace,Cheick Doucouré,MLI,MF,24,2000,5.0,263,11,56,165,45,4,263,5,2,40.0,2,40.0,133,581,280,2,7,1,4,7,160,7
ENG-Premier League,2425,Crystal Palace,Chris Richards,USA,DF,24,2000,21.4,1118,134,611,439,74,19,1118,6,1,16.7,5,83.3,517,2316,964,6,5,0,5,5,614,2
ENG-Premier League,2425,Crystal Palace,Daichi Kamada,JPN,MF,27,1996,17.4,937,19,208,496,240,32,937,19,7,36.8,9,47.4,485,2295,1121,25,19,6,16,20,600,56
ENG-Premier League,2425,Crystal Palace,Daniel Muñoz,COL,DF,28,1996,35.9,2010,119,568,826,637,107,2010,56,21,37.5,33,58.9,806,4046,1797,62,40,18,55,20,956,206
ENG-Premier League,2425,Crystal Palace,Dean Henderson,ENG,GK,27,1997,38.0,1308,1065,1303,4,1,1,1308,0,0,,0,,751,4483,2136,0,0,0,2,0,580,0
ENG-Premier League,2425,Crystal Palace,Eberechi Eze,ENG,"MF,FW",26,1998,28.8,1414,17,193,661,597,95,1412,138,67,48.6,62,44.9,840,5063,2380,69,48,22,55,45,907,153
ENG-Premier League,2425,Crystal Palace,Eddie Nketiah,ENG,"FW,MF",25,1999,11.5,412,11,47,176,198,67,412,31,11,35.5,16,51.6,246,1713,878,41,25,14,34,17,294,79
ENG-Premier League,2425,Crystal Palace,Ismaila Sarr,SEN,MF,26,1998,30.1,1091,48,180,411,511,135,1091,61,17,27.9,35,57.4,607,3721,2108,75,47,28,70,43,739,183
ENG-Premier League,2425,Crystal Palace,Jean-Philippe Mateta,FRA,FW,27,1997,29.4,739,26,64,350,340,94,737,46,20,43.5,22,47.8,400,2143,1048,45,22,10,72,45,539,122
ENG-Premier League,2425,Crystal Palace,Jefferson Lerma,COL,"MF,DF",29,1994,25.3,1406,124,469,703,244,29,1406,13,7,53.8,4,30.8,649,2478,1100,13,11,0,15,18,803,26
ENG-Premier League,2425,Crystal Palace,Jeffrey Schlupp,GHA,"MF,DF",31,1992,1.1,79,2,9,31,41,6,79,1,1,100.0,0,0.0,30,150,67,4,1,1,7,0,41,9
ENG-Premier League,2425,Crystal Palace,Joachim Andersen,DEN,DF,28,1996,1.0,93,14,38,50,5,0,93,0,0,,0,,49,189,103,1,1,0,0,1,67,1
ENG-Premier League,2425,Crystal Palace,Joel Ward,ENG,DF,34,1989,0.8,32,3,17,15,1,0,32,1,0,0.0,1,100.0,15,43,15,0,0,0,0,0,16,1
ENG-Premier League,2425,Crystal Palace,Jordan Ayew,GHA,"FW,MF",32,1991,0.2,12,0,0,7,5,1,12,0,0,,0,,6,25,12,0,0,0,0,1,9,1
ENG-Premier League,2425,Crystal Palace,Justin Devenny,NIR,MF,20,2003,5.6,279,8,53,149,83,8,279,4,2,50.0,2,50.0,134,701,333,5,5,1,17,3,167,13
ENG-Premier League,2425,Crystal Palace,Marc Guéhi,ENG,DF,24,2000,34.0,2131,311,1051,943,148,39,2131,15,12,80.0,2,13.3,1142,5574,2935,22,17,1,16,18,1330,10
ENG-Premier League,2425,Crystal Palace,Matheus França,BRA,"MF,FW",20,2004,0.6,33,2,5,11,17,7,33,0,0,,0,,20,130,85,4,1,3,2,0,22,4
ENG-Premier League,2425,Crystal Palace,Maxence Lacroix,FRA,DF,24,2000,34.6,1934,362,1184,672,85,45,1934,14,8,57.1,4,28.6,1030,4806,2203,8,6,0,21,6,1136,7
ENG-Premier League,2425,Crystal Palace,Nathaniel Clyne,ENG,"DF,MF",33,1991,5.4,273,18,111,125,37,3,273,1,0,0.0,1,100.0,158,651,314,6,2,3,5,2,178,8
ENG-Premier League,2425,Crystal Palace,Odsonne Édouard,FRA,"MF,FW",26,1998,1.3,45,1,4,23,18,8,45,1,0,0.0,1,100.0,24,117,56,3,1,2,4,1,26,7
ENG-Premier League,2425,Crystal Palace,Romain Esse,ENG,MF,19,2005,1.5,73,1,14,30,29,9,73,6,2,33.3,4,66.7,38,121,49,1,1,2,6,2,43,14
ENG-Premier League,2425,Crystal Palace,Trevoh Chalobah,ENG,DF,25,1999,11.8,594,66,275,276,51,14,594,10,6,60.0,2,20.0,278,1213,661,11,9,1,4,7,317,6
ENG-Premier League,2425,Crystal Palace,Tyrick Mitchell,ENG,DF,24,1999,34.4,1754,114,622,671,475,43,1754,38,16,42.1,17,44.7,820,3825,1771,63,36,9,38,30,902,171
ENG-Premier League,2425,Crystal Palace,Will Hughes,ENG,MF,29,1995,23.4,1203,48,295,615,308,17,1203,16,5,31.3,7,43.8,532,2718,1276,20,24,1,21,30,659,27
ENG-Premier League,2425,Everton,Abdoulaye Doucouré,MLI,MF,31,1993,28.5,1161,32,225,538,413,65,1161,45,24,53.3,21,46.7,604,2952,1396,42,26,8,38,38,750,96
ENG-Premier League,2425,Everton,Armando Broja,ALB,FW,22,2001,3.7,127,4,14,47,72,18,127,16,8,50.0,7,43.8,64,577,281,12,8,3,16,13,94,26
ENG-Premier League,2425,Everton,Ashley Young,ENG,DF,39,1985,20.8,1194,61,369,528,305,9,1194,20,7,35.0,9,45.0,487,2447,1378,24,26,1,11,1,618,32
ENG-Premier League,2425,Everton,Beto,GNB,FW,26,1998,17.0,520,29,51,233,242,86,520,38,19,50.0,17,44.7,267,1242,478,15,12,9,71,37,378,77
ENG-Premier League,2425,Everton,Carlos Alcaraz,ARG,"FW,MF",21,2002,8.5,378,15,63,168,156,19,378,18,9,50.0,7,38.9,211,1331,707,19,21,2,14,13,247,21
ENG-Premier League,2425,Everton,Dominic Calvert-Lewin,ENG,FW,27,1997,17.9,520,26,45,215,265,88,520,25,10,40.0,13,52.0,280,1445,463,23,8,17,77,33,417,112
ENG-Premier League,2425,Everton,Dwight McNeil,ENG,"MF,FW",24,1999,15.2,748,6,73,328,368,25,748,45,24,53.3,20,44.4,443,2674,1162,38,34,5,26,33,510,80
ENG-Premier League,2425,Everton,Harrison Armstrong,ENG,MF,17,2007,0.5,20,0,3,12,7,2,20,1,1,100.0,0,0.0,15,110,43,1,2,0,2,3,14,0
ENG-Premier League,2425,Everton,Idrissa Gana Gueye,SEN,MF,34,1989,34.0,1801,72,432,1045,336,21,1801,39,18,46.2,19,48.7,861,4046,1752,27,27,4,32,38,1048,27
ENG-Premier League,2425,Everton,Iliman Ndiaye,SEN,FW,24,2000,27.0,1084,36,219,451,464,83,1082,143,68,47.6,64,44.8,621,4800,2367,86,44,32,55,44,674,122
ENG-Premier League,2425,Everton,Jack Harrison,ENG,FW,27,1996,23.1,948,36,157,336,463,69,948,75,24,32.0,43,57.3,524,3153,1639,73,36,17,52,41,612,127
ENG-Premier League,2425,Everton,Jake O'Brien,IRL,DF,23,2001,17.5,900,93,374,390,139,22,900,10,4,40.0,5,50.0,391,1801,906,7,6,2,5,5,481,25
ENG-Premier League,2425,Everton,James Garner,ENG,"MF,DF",23,2001,17.7,977,40,226,511,248,15,977,19,7,36.8,12,63.2,478,2187,842,15,19,2,16,9,550,30
ENG-Premier League,2425,Everton,James Tarkowski,ENG,DF,31,1992,32.5,1706,355,974,635,106,57,1706,7,5,71.4,2,28.6,727,3610,1943,9,10,0,13,7,927,3
ENG-Premier League,2425,Everton,Jarrad Branthwaite,ENG,DF,22,2002,27.9,1520,211,783,676,69,28,1520,6,3,50.0,2,33.3,747,4143,2515,10,14,2,8,4,894,2
ENG-Premier League,2425,Everton,Jesper Lindstrøm,DEN,FW,24,2000,13.8,625,22,127,206,303,40,625,43,8,18.6,31,72.1,302,1627,780,30,19,7,31,24,347,81
ENG-Premier League,2425,Everton,Jordan Pickford,ENG,GK,30,1994,38.0,1708,1116,1640,69,0,0,1708,0,0,,0,,989,5989,3568,0,0,0,2,0,871,0
ENG-Premier League,2425,Everton,Mason Holgate,JAM,"FW,DF",27,1996,0.1,3,0,0,2,1,0,3,0,0,,0,,1,0,0,0,0,0,1,0,1,0
ENG-Premier League,2425,Everton,Michael Keane,ENG,DF,31,1993,11.7,513,106,295,198,22,17,513,1,0,0.0,1,100.0,229,904,290,1,1,0,2,2,286,3
ENG-Premier League,2425,Everton,Nathan Patterson,SCO,DF,22,2001,3.9,215,11,52,90,75,5,215,12,9,75.0,2,16.7,95,420,216,6,5,2,4,2,117,18
ENG-Premier League,2425,Everton,Orel Mangala,BEL,MF,26,1998,14.0,621,22,133,335,157,13,621,24,14,58.3,9,37.5,298,1574,576,6,6,3,12,12,406,19
ENG-Premier League,2425,Everton,Roman Dixon,ENG,DF,19,2004,1.0,36,8,19,14,4,0,36,3,0,0.0,3,100.0,16,107,48,0,0,0,2,0,13,1
ENG-Premier League,2425,Everton,Séamus Coleman,IRL,DF,35,1988,2.4,121,12,42,54,26,3,121,5,4,80.0,1,20.0,54,310,177,1,2,0,1,1,68,7
ENG-Premier League,2425,Everton,Tim Iroegbunam,ENG,MF,21,2003,6.4,269,24,89,127,60,12,269,20,8,40.0,8,40.0,127,744,379,8,10,2,11,18,113,9
ENG-Premier League,2425,Everton,Vitaliy Mykolenko,UKR,DF,25,1999,34.2,1678,125,525,713,452,32,1678,20,8,40.0,9,45.0,697,2825,1506,33,28,1,23,11,860,99
ENG-Premier League,2425,Everton,Youssef Chermiti,POR,"FW,MF",20,2004,0.5,15,0,0,6,9,3,15,1,1,100.0,0,0.0,7,21,2,0,0,0,0,1,13,6
ENG-Premier League,2425,Fulham,Adama Traoré,ESP,"FW,MF",28,1996,19.7,801,4,83,285,455,91,801,97,48,49.5,36,37.1,538,4631,2486,100,45,33,37,25,607,161
ENG-Premier League,2425,Fulham,Alex Iwobi,NGA,"FW,MF",28,1996,33.1,1861,33,244,748,895,116,1861,97,48,49.5,42,43.3,1312,8012,4367,144,105,37,62,40,1447,246
ENG-Premier League,2425,Fulham,Andreas Pereira,BRA,MF,28,1996,22.4,1148,22,169,466,531,46,1147,30,14,46.7,8,26.7,578,2764,1341,29,38,9,29,22,676,81
ENG-Premier League,2425,Fulham,Antonee Robinson,USA,DF,26,1997,35.2,2523,139,828,942,788,70,2523,83,38,45.8,34,41.0,1343,7361,4230,118,61,30,44,20,1509,274
ENG-Premier League,2425,Fulham,Bernd Leno,GER,GK,32,1992,38.0,1479,1190,1466,13,0,0,1479,0,0,,0,,955,3956,2233,0,0,0,0,0,862,0
ENG-Premier League,2425,Fulham,Calvin Bassey,NGA,DF,24,1999,34.2,2463,324,1205,1151,132,19,2463,33,15,45.5,11,33.3,1571,8212,4940,39,20,5,34,8,1716,15
ENG-Premier League,2425,Fulham,Carlos Vinícius,BRA,"MF,FW",29,1995,0.2,7,0,1,3,3,2,7,1,1,100.0,0,0.0,7,24,11,1,0,1,1,0,6,3
ENG-Premier League,2425,Fulham,Emile Smith Rowe,ENG,MF,24,2000,22.7,1223,20,166,591,476,60,1223,35,16,45.7,16,45.7,779,3728,1932,53,40,12,36,18,940,127
ENG-Premier League,2425,Fulham,Harrison Reed,ENG,MF,29,1995,1.2,78,2,11,28,40,5,78,2,0,0.0,1,50.0,31,95,27,1,1,0,2,2,38,7
ENG-Premier League,2425,Fulham,Harry Wilson,WAL,"FW,MF",27,1997,12.9,598,11,81,203,324,63,598,24,9,37.5,10,41.7,342,1879,864,22,18,11,19,6,390,96
ENG-Premier League,2425,Fulham,Issa Diop,FRA,DF,27,1997,14.9,903,125,498,381,26,13,903,2,1,50.0,1,50.0,533,2426,1216,6,2,0,9,2,617,3
ENG-Premier League,2425,Fulham,Jay Stansfield,ENG,MF,21,2002,0.0,0,0,0,0,0,0,0,0,0,,0,,0,0,0,0,0,0,0,0,0,0
ENG-Premier League,2425,Fulham,Joachim Andersen,DEN,DF,28,1996,28.7,2336,340,1233,1013,102,22,2336,6,4,66.7,0,0.0,1350,6505,3435,16,14,1,6,3,1621,2
ENG-Premier League,2425,Fulham,Jorge Cuenca,ESP,DF,24,1999,3.9,214,38,134,74,7,1,214,2,2,100.0,0,0.0,89,302,140,0,1,0,2,0,133,0
ENG-Premier League,2425,Fulham,Joshua King,ENG,MF,17,2007,1.4,87,2,12,31,46,10,87,8,4,50.0,4,50.0,44,335,138,3,4,0,1,6,60,16
ENG-Premier League,2425,Fulham,Kenny Tete,NED,DF,28,1995,19.7,1205,79,402,484,329,37,1205,20,9,45.0,6,30.0,611,2851,1336,34,21,7,17,10,695,54
ENG-Premier League,2425,Fulham,Martial Godo,ENG,"FW,DF",21,2003,0.3,25,0,1,7,17,7,25,4,1,25.0,3,75.0,18,155,87,2,0,2,0,0,15,6
ENG-Premier League,2425,Fulham,Raúl Jiménez,MEX,FW,33,1991,27.7,999,35,120,431,464,165,996,50,21,42.0,26,52.0,549,2557,1112,35,24,17,74,45,734,125
ENG-Premier League,2425,Fulham,Reiss Nelson,ENG,FW,24,1999,5.4,347,5,30,110,212,35,347,35,13,37.1,13,37.1,259,1956,960,45,25,21,14,8,274,63
ENG-Premier League,2425,Fulham,Rodrigo Muniz,BRA,FW,23,2001,10.7,311,14,27,161,127,55,311,18,6,33.3,9,50.0,157,651,187,6,4,3,47,24,237,31
ENG-Premier League,2425,Fulham,Ryan Sessegnon,ENG,"FW,DF",24,2000,6.4,363,15,88,131,149,45,363,21,8,38.1,10,47.6,180,1054,549,18,14,10,19,8,210,59
ENG-Premier League,2425,Fulham,Sander Berge,NOR,MF,26,1998,24.7,1384,81,374,799,217,14,1384,20,11,55.0,6,30.0,804,4467,2065,29,25,2,15,16,892,9
ENG-Premier League,2425,Fulham,Saša Lukić,SRB,MF,27,1996,26.0,1493,57,332,843,331,21,1493,17,8,47.1,5,29.4,825,4427,2190,39,40,4,23,8,963,33
ENG-Premier League,2425,Fulham,Timothy Castagne,BEL,DF,28,1995,18.3,1164,92,449,462,259,32,1164,12,5,41.7,5,41.7,547,2191,1044,17,15,2,15,5,665,67
ENG-Premier League,2425,Fulham,Tom Cairney,SCO,MF,33,1991,7.0,683,12,123,347,223,18,683,13,5,38.5,4,30.8,456,2179,1047,18,17,4,6,4,553,33
ENG-Premier League,2425,Fulham,Willian,BRA,"FW,MF",35,1988,2.9,231,1,18,83,134,7,231,7,1,14.3,4,57.1,148,1005,503,11,10,2,3,1,183,33
ENG-Premier League,2425,Ipswich Town,Alex Palmer,ENG,GK,27,1996,13.0,470,396,461,10,0,0,470,0,0,,0,,210,1205,750,0,0,0,2,0,170,0
ENG-Premier League,2425,Ipswich Town,Ali Al Hamadi,IRQ,FW,22,2002,1.5,53,2,6,20,30,9,53,7,4,57.1,3,42.9,29,187,111,4,3,4,7,4,36,14
ENG-Premier League,2425,Ipswich Town,Arijanet Muric,KVX,GK,25,1998,18.0,689,559,672,18,0,0,689,0,0,,0,,405,2088,1178,0,0,0,3,1,321,0
ENG-Premier League,2425,Ipswich Town,Axel Tuanzebe,COD,DF,26,1997,19.0,971,97,407,426,145,8,971,10,4,40.0,6,60.0,402,1698,826,10,7,1,11,1,516,15
ENG-Premier League,2425,Ipswich Town,Ben Godfrey,ENG,DF,26,1998,1.8,68,6,26,33,9,1,68,0,0,,0,,33,202,79,2,2,0,2,1,42,1
ENG-Premier League,2425,Ipswich Town,Ben Johnson,ENG,"DF,FW",24,2000,15.0,626,60,246,220,163,12,626,24,8,33.3,14,58.3,259,1503,585,16,12,3,23,17,292,33
ENG-Premier League,2425,Ipswich Town,Cameron Burgess,AUS,DF,28,1995,17.1,982,248,609,327,48,24,982,0,0,,0,,430,1965,1002,2,4,0,3,0,573,4
ENG-Premier League,2425,Ipswich Town,Chiedozie Ogbene,IRL,FW,27,1997,2.6,70,3,11,19,40,6,70,7,1,14.3,3,42.9,41,330,139,7,2,2,4,2,43,15
ENG-Premier League,2425,Ipswich Town,Christian Walton,ENG,GK,28,1995,7.0,272,248,271,1,0,0,272,0,0,,0,,143,699,384,0,0,0,0,0,131,0
ENG-Premier League,2425,Ipswich Town,Conor Chaplin,ENG,"MF,FW",27,1997,9.5,390,7,74,183,138,18,390,8,4,50.0,4,50.0,179,910,467,13,9,0,12,5,264,23
ENG-Premier League,2425,Ipswich Town,Conor Townsend,ENG,DF,31,1993,3.7,172,28,87,50,38,5,172,0,0,,0,,53,278,136,2,2,0,2,2,75,13
ENG-Premier League,2425,Ipswich Town,Dara O'Shea,IRL,DF,25,1999,34.7,2022,393,1169,730,129,51,2022,2,1,50.0,1,50.0,897,4023,2069,3,2,0,12,4,1162,8
ENG-Premier League,2425,Ipswich Town,George Edmundson,ENG,DF,26,1997,0.0,3,1,3,0,0,0,3,0,0,,0,,1,2,0,0,0,0,0,0,1,0
ENG-Premier League,2425,Ipswich Town,George Hirst,SCO,FW,25,1999,7.3,188,12,28,61,101,28,188,6,2,33.3,3,50.0,101,529,211,9,2,7,21,16,161,31
ENG-Premier League,2425,Ipswich Town,Harry Clarke,ENG,DF,23,2001,4.2,268,18,100,122,47,2,268,2,1,50.0,1,50.0,118,555,222,5,7,0,4,2,163,2
ENG-Premier League,2425,Ipswich Town,Jack Clarke,ENG,"FW,MF",23,2000,13.1,553,24,125,229,215,38,553,50,25,50.0,18,36.0,311,2356,1217,39,21,12,25,22,338,57
ENG-Premier League,2425,Ipswich Town,Jack Taylor,IRL,MF,26,1998,9.6,534,32,161,281,103,8,534,11,4,36.4,4,36.4,254,1506,791,11,10,1,10,6,345,23
ENG-Premier League,2425,Ipswich Town,Jacob Greaves,ENG,DF,23,2000,24.5,1404,276,746,568,95,22,1404,6,4,66.7,1,16.7,619,2881,1268,11,11,0,10,2,851,11
ENG-Premier League,2425,Ipswich Town,Jaden Philogene Bidace,ENG,"FW,DF",22,2002,5.3,220,10,53,68,101,18,220,18,5,27.8,11,61.1,127,862,305,13,3,5,11,10,133,36
ENG-Premier League,2425,Ipswich Town,Jens Cajuste,SWE,MF,24,1999,21.8,1017,61,286,530,217,15,1017,53,28,52.8,19,35.8,481,2609,1329,26,23,3,23,17,594,20
ENG-Premier League,2425,Ipswich Town,Julio Enciso,PAR,"MF,FW",20,2004,9.7,406,5,52,202,167,23,406,66,30,45.5,28,42.4,205,1537,793,23,25,9,24,30,262,44
ENG-Premier League,2425,Ipswich Town,Kalvin Phillips,ENG,MF,28,1995,13.7,739,61,223,398,122,5,739,12,5,41.7,6,50.0,310,1489,569,4,5,0,25,10,394,4
ENG-Premier League,2425,Ipswich Town,Leif Davis,ENG,DF,24,2000,30.5,1562,117,534,520,527,42,1562,38,13,34.2,18,47.4,708,3804,2073,52,31,11,37,16,835,137
ENG-Premier League,2425,Ipswich Town,Liam Delap,ENG,FW,21,2003,28.8,682,29,78,291,335,92,680,86,40,46.5,37,43.0,445,3283,1586,61,46,30,104,60,537,110
ENG-Premier League,2425,Ipswich Town,Luke Woolfenden,ENG,DF,25,1998,13.2,694,147,407,278,9,3,694,0,0,,0,,368,2118,1249,7,3,0,4,0,442,0
ENG-Premier League,2425,Ipswich Town,Marcus Harness,ENG,MF,28,1996,0.5,22,4,7,2,13,3,22,1,0,0.0,1,100.0,9,49,14,0,0,0,0,0,9,1
ENG-Premier League,2425,Ipswich Town,Massimo Luongo,AUS,MF,31,1992,2.2,87,9,34,33,20,2,87,0,0,,0,,46,184,27,0,0,0,2,3,50,1
ENG-Premier League,2425,Ipswich Town,Nathan Broadhead,WAL,"MF,FW",26,1998,7.8,317,7,41,161,126,21,317,34,17,50.0,15,44.1,174,1238,584,20,16,5,19,15,222,33
ENG-Premier League,2425,Ipswich Town,Omari Hutchinson,ENG,"MF,FW",20,2003,28.7,1259,17,200,516,567,92,1259,137,51,37.2,68,49.6,779,6035,2976,97,39,37,80,58,893,159
ENG-Premier League,2425,Ipswich Town,Sam Morsy,EGY,MF,32,1991,30.6,1683,97,498,953,248,6,1683,29,17,58.6,9,31.0,852,4649,2101,22,24,3,17,13,1137,13
ENG-Premier League,2425,Ipswich Town,Sammie Szmodics,IRL,"FW,MF",28,1995,11.0,318,17,80,125,119,33,318,12,4,33.3,6,50.0,179,1003,407,16,8,7,24,17,193,47
ENG-Premier League,2425,Ipswich Town,Wes Burns,WAL,"FW,DF",29,1994,10.3,350,21,69,129,160,18,350,24,9,37.5,14,58.3,216,1458,696,38,13,10,17,13,220,65
ENG-Premier League,2425,Leicester City,Abdul Fatawu Issahaku,GHA,FW,20,2004,6.4,326,19,73,114,157,26,326,69,29,42.0,28,40.6,217,1869,1055,42,24,15,18,12,216,60
ENG-Premier League,2425,Leicester City,Bilal El Khannouss,MAR,"MF,FW",20,2004,24.2,1268,18,183,655,445,35,1268,60,34,56.7,23,38.3,732,4494,2038,73,45,12,38,38,851,89
ENG-Premier League,2425,Leicester City,Bobby De Cordova-Reid,JAM,FW,31,1993,8.3,272,15,49,114,109,16,272,10,0,0.0,8,80.0,174,816,389,14,5,6,11,10,188,48
ENG-Premier League,2425,Leicester City,Boubakary Soumaré,FRA,MF,25,1999,24.1,1441,73,386,903,166,18,1441,45,27,60.0,14,31.1,847,3904,2011,34,19,4,24,22,1013,23
ENG-Premier League,2425,Leicester City,Caleb Okoli,ITA,DF,23,2001,12.5,806,152,451,325,35,10,806,0,0,,0,,468,2318,1106,3,6,0,10,2,484,2
ENG-Premier League,2425,Leicester City,Conor Coady,ENG,DF,31,1993,19.0,1210,234,689,503,20,8,1210,2,1,50.0,1,50.0,789,3430,1820,3,3,1,4,3,878,0
ENG-Premier League,2425,Leicester City,Danny Ward,WAL,GK,31,1993,1.5,55,40,55,0,0,0,55,1,0,0.0,1,100.0,44,176,107,0,0,0,0,0,35,0
ENG-Premier League,2425,Leicester City,Facundo Buonanotte,ARG,"FW,MF",19,2004,16.9,874,26,128,452,307,39,874,83,28,33.7,49,59.0,479,2997,1347,39,26,9,58,39,528,74
ENG-Premier League,2425,Leicester City,Hamza Choudhury,BAN,"MF,DF",26,1997,1.5,100,4,19,61,20,3,100,4,3,75.0,1,25.0,63,246,130,4,2,2,1,0,71,6
ENG-Premier League,2425,Leicester City,Harry Winks,ENG,MF,28,1996,17.1,1158,49,275,746,151,1,1158,12,3,25.0,8,66.7,696,3268,1522,19,13,0,13,8,827,11
ENG-Premier League,2425,Leicester City,Jake Evans,,FW,,,0.3,5,0,1,3,1,0,5,0,0,,0,,1,1,0,0,0,0,0,1,3,1
ENG-Premier League,2425,Leicester City,Jakub Stolarczyk,POL,GK,23,2000,10.0,411,309,406,6,0,0,411,0,0,,0,,221,983,595,0,0,0,1,0,225,0
ENG-Premier League,2425,Leicester City,James Justin,ENG,DF,26,1998,32.4,1948,151,692,881,387,38,1948,30,9,30.0,13,43.3,866,3649,1788,39,27,4,31,15,1077,96
ENG-Premier League,2425,Leicester City,Jamie Vardy,ENG,FW,37,1987,31.4,586,30,61,272,260,111,584,23,11,47.8,10,43.5,285,1504,717,29,13,16,34,14,382,120
ENG-Premier League,2425,Leicester City,Jannik Vestergaard,DEN,DF,31,1992,15.5,1092,196,572,497,28,10,1092,4,4,100.0,0,0.0,672,2932,1458,3,3,0,2,0,757,2
ENG-Premier League,2425,Leicester City,Jeremy Monga,,"FW,MF",,,1.2,51,1,9,16,27,5,51,7,2,28.6,3,42.9,37,336,157,6,2,3,5,2,32,10
ENG-Premier League,2425,Leicester City,Jordan Ayew,GHA,"FW,MF",32,1991,18.2,798,21,103,407,312,55,797,64,26,40.6,32,50.0,479,3374,1540,49,37,11,63,40,540,86
ENG-Premier League,2425,Leicester City,Kasey McAteer,IRL,FW,22,2001,9.5,379,21,76,141,169,30,379,25,6,24.0,15,60.0,224,1455,575,19,11,9,20,16,243,71
ENG-Premier League,2425,Leicester City,Luke Thomas,ENG,DF,23,2001,12.3,775,50,294,366,120,8,775,6,3,50.0,3,50.0,371,1457,585,5,8,2,12,4,431,16
ENG-Premier League,2425,Leicester City,Mads Hermansen,DEN,GK,24,2000,26.5,1147,831,1106,43,0,0,1147,1,1,100.0,0,0.0,734,3625,1904,0,0,0,1,0,625,0
ENG-Premier League,2425,Leicester City,Michael Golding,ENG,MF,18,2006,0.0,0,0,0,0,0,0,0,0,0,,0,,0,0,0,0,0,0,0,0,0,0
ENG-Premier League,2425,Leicester City,Odsonne Édouard,FRA,FW,26,1998,0.3,20,1,2,7,11,6,20,2,1,50.0,1,50.0,11,25,2,0,0,1,7,2,13,2
ENG-Premier League,2425,Leicester City,Olabade Aluko,,DF,,,0.0,6,0,0,6,1,0,6,1,0,0.0,1,100.0,2,1,0,0,0,0,0,1,2,0
ENG-Premier League,2425,Leicester City,Oliver Skipp,ENG,MF,23,2000,12.5,612,29,141,383,92,9,612,12,7,58.3,5,41.7,347,1392,644,16,7,3,12,7,419,19
ENG-Premier League,2425,Leicester City,Patson Daka,ZAM,"FW,MF",25,1998,8.2,252,11,46,114,97,29,252,15,2,13.3,10,66.7,141,714,321,11,7,6,20,12,167,36
ENG-Premier League,2425,Leicester City,Ricardo Pereira,POR,DF,30,1993,4.3,296,17,90,166,41,5,296,9,6,66.7,2,22.2,151,453,186,3,3,2,3,1,172,5
ENG-Premier League,2425,Leicester City,Stephy Mavididi,ENG,FW,26,1998,17.9,863,23,132,327,421,61,863,95,35,36.8,47,49.5,583,4343,2355,91,40,27,39,35,623,138
ENG-Premier League,2425,Leicester City,Victor Bernth Kristiansen,DEN,DF,21,2002,27.6,1614,115,577,722,329,17,1614,18,8,44.4,9,50.0,816,3948,1866,40,26,5,15,13,887,78
ENG-Premier League,2425,Leicester City,Wilfred Ndidi,NGA,MF,27,1996,25.8,1400,119,461,699,253,61,1400,33,13,39.4,18,54.5,670,2727,1101,18,23,2,37,33,834,75
ENG-Premier League,2425,Leicester City,Will Alves,ENG,FW,19,2005,0.0,1,0,0,0,1,0,1,0,0,,0,,1,5,5,0,0,0,0,0,1,1
ENG-Premier League,2425,Leicester City,Wout Faes,BEL,DF,26,1998,31.3,1906,318,962,885,68,27,1906,6,5,83.3,1,16.7,1107,5050,2928,12,13,2,17,6,1268,1
ENG-Premier League,2425,Leicester City,Woyo Coulibaly,MLI,DF,25,1999,1.2,76,8,27,31,20,4,76,1,0,0.0,1,100.0,48,288,169,4,2,1,4,0,36,2
ENG-Premier League,2425,Liverpool,Alexis Mac Allister,ARG,MF,25,1998,28.9,1860,56,284,960,637,60,1860,42,16,38.1,21,50.0,914,3773,2009,36,43,5,31,22,1227,80
ENG-Premier League,2425,Liverpool,Alisson,BRA,GK,31,1992,27.9,1011,742,991,20,0,0,1011,1,1,100.0,0,0.0,657,2609,1586,0,0,0,1,0,618,0
ENG-Premier League,2425,Liverpool,Andrew Robertson,SCO,DF,30,1994,27.6,2084,92,539,940,620,53,2084,18,7,38.9,10,55.6,1107,4941,2848,64,52,6,25,13,1399,108
ENG-Premier League,2425,Liverpool,Caoimhín Kelleher,IRL,GK,25,1998,10.0,398,286,396,2,0,0,398,1,1,100.0,0,0.0,290,1131,616,0,0,0,1,0,275,0
ENG-Premier League,2425,Liverpool,Cody Gakpo,NED,FW,25,1999,21.5,888,28,91,258,557,110,888,61,31,50.8,21,34.4,605,4320,2208,59,34,28,45,24,677,278
ENG-Premier League,2425,Liverpool,Conor Bradley,NIR,DF,21,2003,8.4,663,32,197,299,178,43,663,25,10,40.0,12,48.0,369,2332,1356,35,22,9,13,5,411,39
ENG-Premier League,2425,Liverpool,Curtis Jones,ENG,"MF,DF",23,2001,19.0,1288,41,220,683,393,58,1288,22,12,54.5,8,36.4,789,3889,1892,30,23,8,26,36,967,79
ENG-Premier League,2425,Liverpool,Darwin Núñez,URU,FW,25,1999,12.6,366,10,45,122,210,74,366,23,8,34.8,14,60.9,201,1063,568,23,19,12,24,21,248,78
ENG-Premier League,2425,Liverpool,Diogo Jota,POR,FW,27,1996,13.3,485,6,35,198,259,97,485,33,11,33.3,20,60.6,263,1500,796,37,23,21,40,22,333,88
ENG-Premier League,2425,Liverpool,Dominik Szoboszlai,HUN,MF,23,2000,27.7,1584,32,220,761,626,104,1584,41,21,51.2,17,41.5,805,4223,2372,72,49,18,37,23,1073,127
ENG-Premier League,2425,Liverpool,Federico Chiesa,ITA,FW,26,1997,1.2,46,2,10,15,21,4,46,2,0,0.0,2,100.0,31,130,58,3,1,1,3,4,33,7
ENG-Premier League,2425,Liverpool,Harvey Elliott,ENG,MF,21,2003,4.1,339,5,32,164,144,21,339,9,4,44.4,4,44.4,188,872,408,10,11,5,5,4,253,30
ENG-Premier League,2425,Liverpool,Ibrahima Konaté,FRA,DF,25,1999,28.4,2185,223,928,1145,119,23,2185,6,3,50.0,2,33.3,1290,6124,3603,25,15,0,8,2,1576,3
ENG-Premier League,2425,Liverpool,Jarell Quansah,ENG,DF,21,2003,5.5,464,80,245,189,30,6,464,3,1,33.3,2,66.7,268,1421,709,3,4,1,5,2,321,4
ENG-Premier League,2425,Liverpool,Jayden Danns,ENG,MF,18,2006,0.1,2,0,0,0,2,0,2,0,0,,0,,1,2,1,0,0,0,0,1,1,0
ENG-Premier League,2425,Liverpool,Joe Gomez,ENG,DF,27,1997,5.8,481,54,183,264,37,5,481,0,0,,0,,303,1638,947,5,2,1,1,2,335,2
ENG-Premier League,2425,Liverpool,Kostas Tsimikas,GRE,DF,28,1996,9.3,741,33,190,327,229,13,741,12,5,41.7,5,41.7,368,1567,790,17,8,2,6,4,472,43
ENG-Premier League,2425,Liverpool,Luis Díaz,COL,FW,27,1997,26.7,1184,17,90,409,706,167,1184,116,53,45.7,51,44.0,780,5710,2960,108,55,56,55,49,933,293
ENG-Premier League,2425,Liverpool,Mohamed Salah,EGY,FW,32,1992,37.5,1695,11,97,500,1119,356,1686,137,58,42.3,72,52.6,1149,6973,3695,154,59,126,116,67,1407,488
ENG-Premier League,2425,Liverpool,Ryan Gravenberch,NED,MF,22,2002,35.1,2343,117,509,1354,512,26,2343,81,37,45.7,30,37.0,1396,7452,3742,70,75,10,55,26,1669,55
ENG-Premier League,2425,Liverpool,Trent Alexander-Arnold,ENG,DF,25,1998,26.3,2253,88,593,1014,660,44,2253,37,17,45.9,17,45.9,1184,5358,2860,51,36,9,19,15,1436,94
ENG-Premier League,2425,Liverpool,Virgil van Dijk,NED,DF,33,1991,37.0,3300,450,1317,1827,166,48,3300,5,3,60.0,2,40.0,1856,8754,4846,22,24,3,10,5,2281,6
ENG-Premier League,2425,Liverpool,Vitezslav Jaros,CZE,GK,23,2001,0.1,8,5,8,0,0,0,8,0,0,,0,,7,29,8,0,0,0,0,0,5,0
ENG-Premier League,2425,Liverpool,Wataru Endo,JPN,"MF,DF",31,1993,3.0,237,12,65,124,49,3,237,2,2,100.0,0,0.0,110,397,169,1,3,1,6,3,163,8
ENG-Premier League,2425,Manchester City,Abdukodir Khusanov,UZB,DF,20,2004,5.6,445,45,205,211,31,1,445,2,0,0.0,2,100.0,274,1155,435,1,1,0,2,1,332,2
ENG-Premier League,2425,Manchester City,Bernardo Silva,POR,"MF,FW",29,1994,29.7,2054,50,355,843,876,141,2054,61,28,45.9,26,42.6,1288,8110,4045,101,65,32,25,34,1518,200
ENG-Premier League,2425,Manchester City,Claudio Echeverri,ARG,FW,18,2006,0.1,3,0,0,2,1,0,3,0,0,,0,,3,28,12,0,0,0,0,1,3,1
ENG-Premier League,2425,Manchester City,Divin Mubama,ENG,FW,19,2004,0.3,5,0,0,2,3,1,5,0,0,,0,,2,14,0,0,0,0,0,1,3,0
ENG-Premier League,2425,Manchester City,Ederson,BRA,GK,30,1993,25.8,975,689,962,13,0,0,975,0,0,,0,,654,3060,1981,0,0,0,1,0,616,0
ENG-Premier League,2425,Manchester City,Erling Haaland,NOR,FW,24,2000,30.4,639,22,40,222,384,190,635,36,13,36.1,20,55.6,310,1494,577,24,15,23,45,27,478,124
ENG-Premier League,2425,Manchester City,Jack Grealish,ENG,"FW,MF",28,1995,8.0,521,15,42,162,324,71,521,29,13,44.8,9,31.0,376,2881,1714,69,23,46,10,16,423,118
ENG-Premier League,2425,Manchester City,Jahmai Simpson-Pusey,ENG,DF,18,2005,1.1,123,9,61,59,3,1,123,1,0,0.0,0,0.0,79,376,190,1,0,0,1,0,101,0
ENG-Premier League,2425,Manchester City,James Mcatee,ENG,"MF,FW",21,2002,3.9,168,2,17,62,90,21,168,7,2,28.6,5,71.4,96,486,211,7,6,1,5,1,122,32
ENG-Premier League,2425,Manchester City,Jeremy Doku,BEL,"FW,MF",22,2002,16.8,1027,4,46,233,772,161,1027,201,107,53.2,60,29.9,796,7581,4865,213,95,109,59,59,854,286
ENG-Premier League,2425,Manchester City,John Stones,ENG,"DF,MF",30,1994,6.1,442,40,142,234,68,4,442,2,2,100.0,0,0.0,292,2146,1183,10,14,0,2,0,333,2
ENG-Premier League,2425,Manchester City,Joško Gvardiol,CRO,DF,22,2002,36.4,3103,146,764,1549,815,98,3103,43,25,58.1,14,32.6,1997,10574,6002,91,102,15,29,16,2257,121
ENG-Premier League,2425,Manchester City,Kevin De Bruyne,BEL,"MF,FW",33,1991,18.9,1368,10,75,455,850,79,1368,34,13,38.2,17,50.0,812,4001,2076,51,51,20,26,28,1021,150
ENG-Premier League,2425,Manchester City,Kyle Walker,ENG,DF,34,1990,10.8,892,26,197,473,228,5,892,6,3,50.0,2,33.3,499,2284,1106,12,13,0,9,2,630,11
ENG-Premier League,2425,Manchester City,Manuel Akanji,SUI,DF,29,1995,22.4,1881,119,559,920,405,19,1881,2,2,100.0,0,0.0,1254,6953,4234,46,64,0,5,5,1483,7
ENG-Premier League,2425,Manchester City,Mateo Kovačić,CRO,MF,30,1994,24.4,2123,53,318,1199,627,17,2123,41,22,53.7,11,26.8,1445,8397,3961,56,78,3,19,29,1729,16
ENG-Premier League,2425,Manchester City,Matheus Nunes,POR,"DF,MF",25,1998,18.6,1416,47,251,560,614,62,1416,41,19,46.3,14,34.1,866,4503,2315,63,37,24,32,13,1013,175
ENG-Premier League,2425,Manchester City,Nathan Aké,NED,DF,29,1995,7.5,596,51,205,331,61,5,596,1,1,100.0,0,0.0,403,2244,1501,12,12,1,4,3,449,2
ENG-Premier League,2425,Manchester City,Nico O’Reilly,ENG,DF,19,2005,5.9,419,14,71,223,130,18,419,15,9,60.0,6,40.0,249,1171,575,16,15,0,14,15,298,26
ENG-Premier League,2425,Manchester City,Nicolás González,ESP,MF,22,2002,8.4,713,18,116,439,161,10,713,6,1,16.7,3,50.0,425,1824,729,9,12,3,8,11,535,11
ENG-Premier League,2425,Manchester City,Omar Marmoush,EGY,"FW,MF",25,1999,13.1,504,6,34,152,326,68,504,46,20,43.5,21,45.7,320,1975,960,29,20,15,45,19,361,78
ENG-Premier League,2425,Manchester City,Oscar Bobb,NOR,FW,21,2003,0.2,15,0,2,6,7,0,15,2,2,100.0,0,0.0,10,67,32,1,0,0,0,0,13,1
ENG-Premier League,2425,Manchester City,Phil Foden,ENG,"MF,FW",24,2000,19.7,1139,13,85,382,681,83,1139,43,14,32.6,23,53.5,722,3720,1782,50,30,17,36,31,894,128
ENG-Premier League,2425,Manchester City,Rico Lewis,ENG,"DF,MF",19,2004,21.0,1477,53,289,727,477,46,1477,21,9,42.9,11,52.4,865,4215,2155,39,41,8,20,19,1061,78
ENG-Premier League,2425,Manchester City,Rodri,ESP,MF,28,1996,0.8,74,1,14,37,24,0,74,1,0,0.0,0,0.0,39,172,82,1,2,0,0,0,56,1
ENG-Premier League,2425,Manchester City,Rúben Dias,POR,DF,27,1997,25.2,2499,216,837,1361,307,26,2499,3,2,66.7,1,33.3,1775,10123,6017,43,65,1,8,1,2016,8
ENG-Premier League,2425,Manchester City,Stefan Ortega,GER,GK,31,1992,12.2,492,383,489,3,0,0,492,0,0,,0,,323,1489,864,0,0,0,0,0,309,0
ENG-Premier League,2425,Manchester City,Sávio,BRA,"FW,MF",20,2004,19.6,1095,14,55,286,774,154,1095,113,52,46.0,40,35.4,783,6489,3559,137,45,75,42,38,852,246
ENG-Premier League,2425,Manchester City,Vitor Reis,BRA,DF,18,2006,0.0,3,1,2,1,0,0,3,1,1,100.0,0,0.0,2,3,0,0,0,0,0,0,2,0
ENG-Premier League,2425,Manchester City,İlkay Gündoğan,GER,MF,33,1990,24.7,1892,45,270,929,714,67,1892,41,17,41.5,16,39.0,1118,6209,3000,64,57,11,29,25,1480,96
ENG-Premier League,2425,Manchester Utd,Alejandro Garnacho,ARG,"MF,FW",20,2004,24.4,1159,13,130,364,683,176,1159,89,26,29.2,55,61.8,840,6365,3245,141,72,67,64,48,888,290
ENG-Premier League,2425,Manchester Utd,Altay Bayındır,TUR,GK,26,1998,4.0,168,145,166,2,0,0,168,0,0,,0,,110,432,196,0,0,0,0,0,103,0
ENG-Premier League,2425,Manchester Utd,Amad Diallo,CIV,"MF,FW",22,2002,21.1,1207,16,175,443,607,131,1207,88,41,46.6,43,48.9,782,5295,2750,109,53,66,42,35,854,200
ENG-Premier League,2425,Manchester Utd,André Onana,CMR,GK,28,1996,34.0,1371,1046,1350,22,0,0,1371,1,1,100.0,0,0.0,961,4851,2676,0,0,0,1,0,832,0
ENG-Premier League,2425,Manchester Utd,Antony,BRA,"DF,MF",24,2000,1.6,101,2,22,26,54,8,101,11,4,36.4,6,54.5,60,317,182,5,6,1,5,1,69,7
ENG-Premier League,2425,Manchester Utd,Ayden Heaven,ENG,DF,17,2006,1.9,136,30,68,60,10,2,136,4,2,50.0,2,50.0,95,491,259,1,1,0,3,1,93,1
ENG-Premier League,2425,Manchester Utd,Bruno Fernandes,POR,MF,29,1994,33.5,2649,62,428,1263,983,80,2646,67,28,41.8,33,49.3,1542,7244,3866,77,65,14,43,43,1853,129
ENG-Premier League,2425,Manchester Utd,Casemiro,BRA,MF,32,1992,16.6,1250,75,374,633,251,43,1250,6,3,50.0,3,50.0,660,2047,934,4,10,0,12,10,800,28
ENG-Premier League,2425,Manchester Utd,Chidozie Obi-Martin,DEN,FW,16,2007,1.8,47,3,6,21,20,9,47,3,1,33.3,2,66.7,22,114,50,2,0,1,5,1,29,12
ENG-Premier League,2425,Manchester Utd,Christian Eriksen,DEN,MF,32,1992,11.8,850,26,173,397,284,17,849,4,0,0.0,4,100.0,473,1784,851,13,14,1,13,5,566,29
ENG-Premier League,2425,Manchester Utd,Diogo Dalot,POR,DF,25,1999,31.3,1983,113,661,773,566,68,1983,53,27,50.9,22,41.5,1126,4953,2699,62,37,16,38,21,1200,168
ENG-Premier League,2425,Manchester Utd,Harry Amass,ENG,DF,17,2007,3.8,250,13,82,88,84,5,250,8,3,37.5,4,50.0,132,705,376,9,6,2,18,5,124,23
ENG-Premier League,2425,Manchester Utd,Harry Maguire,ENG,DF,31,1993,19.5,1328,147,652,616,76,44,1328,5,2,40.0,3,60.0,782,4821,2056,7,9,3,10,2,856,7
ENG-Premier League,2425,Manchester Utd,Jonny Evans,NIR,DF,36,1988,3.5,250,36,139,100,15,3,250,1,1,100.0,0,0.0,143,574,242,3,2,0,1,0,151,3
ENG-Premier League,2425,Manchester Utd,Joshua Zirkzee,NED,"FW,MF",23,2001,15.6,587,16,71,303,219,56,587,35,11,31.4,24,68.6,327,1483,523,14,21,4,41,30,418,69
ENG-Premier League,2425,Manchester Utd,Kobbie Mainoo,ENG,MF,19,2005,18.3,1061,25,197,587,287,36,1061,50,23,46.0,25,50.0,652,2850,1222,22,17,10,36,36,760,47
ENG-Premier League,2425,Manchester Utd,Leny Yoro,FRA,DF,18,2005,12.9,894,87,413,414,70,13,894,4,2,50.0,2,50.0,614,3173,1765,19,13,1,3,4,656,4
ENG-Premier League,2425,Manchester Utd,Lisandro Martínez,ARG,DF,26,1998,19.5,1524,156,713,697,125,18,1524,7,6,85.7,1,14.3,1017,5141,3129,23,23,2,1,3,1069,7
ENG-Premier League,2425,Manchester Utd,Luke Shaw,ENG,DF,29,1995,3.9,317,26,128,149,42,4,317,1,0,0.0,1,100.0,226,1102,548,7,8,0,2,0,248,7
ENG-Premier League,2425,Manchester Utd,Manuel Ugarte Ribeiro,URU,MF,23,2001,19.8,1161,46,331,639,211,16,1161,32,18,56.3,10,31.3,668,2883,1347,16,16,1,32,25,728,20
ENG-Premier League,2425,Manchester Utd,Marcus Rashford,ENG,"FW,MF",26,1997,10.9,440,3,35,189,222,34,440,39,9,23.1,26,66.7,293,1694,728,20,19,12,14,6,341,79
ENG-Premier League,2425,Manchester Utd,Mason Mount,ENG,MF,25,1999,6.9,339,11,45,161,137,31,339,10,1,10.0,8,80.0,215,1067,490,15,11,2,16,9,249,41
ENG-Premier League,2425,Manchester Utd,Matthijs de Ligt,NED,DF,24,1999,23.6,1608,184,828,731,56,29,1608,4,2,50.0,2,50.0,1078,4744,2225,7,3,0,5,3,1158,6
ENG-Premier League,2425,Manchester Utd,Noussair Mazraoui,MAR,DF,26,1997,31.5,2139,167,839,976,349,30,2139,48,26,54.2,18,37.5,1172,5481,2884,42,32,3,25,17,1289,58
ENG-Premier League,2425,Manchester Utd,Patrick Dorgu,DEN,DF,19,2004,9.4,602,16,155,206,244,32,602,13,3,23.1,6,46.2,354,1933,1209,41,17,7,12,10,399,83
ENG-Premier League,2425,Manchester Utd,Rasmus Højlund,DEN,FW,21,2003,22.3,515,6,36,251,237,74,515,33,9,27.3,21,63.6,308,1516,655,28,13,17,63,33,408,101
ENG-Premier League,2425,Manchester Utd,Scott McTominay,SCO,MF,27,1996,0.2,14,1,3,8,3,1,14,1,0,0.0,1,100.0,10,68,44,0,0,0,1,1,9,2
ENG-Premier League,2425,Manchester Utd,Toby Collyer,ENG,MF,20,2004,2.0,129,9,46,59,25,3,129,2,1,50.0,1,50.0,68,239,56,0,0,0,11,1,71,2
ENG-Premier League,2425,Manchester Utd,Tyler Fredricson,ENG,DF,19,2005,1.8,141,11,64,68,9,1,141,1,1,100.0,0,0.0,86,279,114,2,1,0,2,0,95,0
ENG-Premier League,2425,Manchester Utd,Tyrell Malacia,NED,DF,24,1999,1.1,62,2,20,27,15,0,62,1,1,100.0,0,0.0,37,190,118,3,2,0,1,2,43,6
ENG-Premier League,2425,Manchester Utd,Victor Lindelöf,SWE,DF,30,1994,7.8,452,60,243,187,24,3,452,0,0,,0,,263,1171,553,5,4,0,1,1,313,4
ENG-Premier League,2425,Newcastle Utd,Alexander Isak,SWE,FW,24,1999,30.6,1025,20,57,386,596,189,1021,91,42,46.2,47,51.6,615,3723,1861,83,42,43,66,55,740,217
ENG-Premier League,2425,Newcastle Utd,Anthony Gordon,ENG,"FW,MF",23,2001,27.0,1267,16,125,475,687,128,1265,103,38,36.9,47,45.6,818,6099,3295,121,62,56,36,38,924,214
ENG-Premier League,2425,Newcastle Utd,Bruno Guimarães,BRA,MF,26,1997,36.3,2213,83,445,1131,662,85,2213,78,34,43.6,27,34.6,1400,7763,3483,64,46,15,56,76,1652,96
ENG-Premier League,2425,Newcastle Utd,Callum Wilson,ENG,FW,32,1992,4.1,95,1,5,55,38,19,95,7,1,14.3,4,57.1,47,243,105,5,4,5,16,12,60,17
ENG-Premier League,2425,Newcastle Utd,Dan Burn,ENG,DF,32,1992,37.0,2386,366,1305,959,130,52,2386,4,3,75.0,1,25.0,1346,6322,2798,12,8,1,24,3,1615,14
ENG-Premier League,2425,Newcastle Utd,Emil Krafth,SWE,DF,29,1994,3.8,199,34,100,73,28,4,199,1,0,0.0,1,100.0,82,397,175,5,6,0,2,2,98,3
ENG-Premier League,2425,Newcastle Utd,Fabian Schär,SUI,DF,32,1991,32.6,2319,266,1178,991,162,42,2319,13,8,61.5,3,23.1,1438,6526,3744,18,27,2,12,6,1609,22
ENG-Premier League,2425,Newcastle Utd,Harvey Barnes,ENG,FW,26,1997,19.5,810,17,97,257,462,128,810,64,24,37.5,33,51.6,561,4196,2467,93,48,47,33,23,647,192
ENG-Premier League,2425,Newcastle Utd,Jacob Murphy,ENG,FW,29,1995,26.2,1271,27,188,474,622,92,1271,69,35,50.7,31,44.9,733,4416,2339,79,40,27,32,37,911,231
ENG-Premier League,2425,Newcastle Utd,Joe Willock,ENG,"MF,FW",24,1999,12.1,533,12,74,231,239,55,533,35,12,34.3,17,48.6,325,2217,1034,38,28,16,37,23,372,86
ENG-Premier League,2425,Newcastle Utd,Joelinton,BRA,"MF,FW",27,1996,26.6,1360,67,256,670,448,83,1360,46,15,32.6,28,60.9,729,3598,1786,40,26,9,39,53,934,110
ENG-Premier League,2425,Newcastle Utd,Kieran Trippier,ENG,DF,33,1990,14.5,1388,50,375,616,406,13,1388,8,4,50.0,4,50.0,609,2258,1224,26,14,4,11,8,847,58
ENG-Premier League,2425,Newcastle Utd,Lewis Hall,ENG,DF,19,2004,24.3,1820,95,623,804,414,47,1820,21,11,52.4,7,33.3,950,4398,2358,41,22,13,33,20,1094,80
ENG-Premier League,2425,Newcastle Utd,Lewis Miley,ENG,MF,18,2006,3.5,235,5,44,124,68,6,235,3,1,33.3,1,33.3,112,544,202,2,2,0,8,1,163,8
ENG-Premier League,2425,Newcastle Utd,Lloyd Kelly,ENG,DF,25,1998,3.4,215,26,105,94,19,4,215,3,2,66.7,1,33.3,120,474,202,0,2,0,3,2,129,5
ENG-Premier League,2425,Newcastle Utd,Martin Dúbravka,SVK,GK,35,1989,10.0,350,262,337,14,0,0,350,0,0,,0,,202,1043,643,0,0,0,0,0,175,0
ENG-Premier League,2425,Newcastle Utd,Matt Targett,ENG,DF,28,1995,0.2,17,0,3,8,6,0,17,0,0,,0,,4,12,6,0,0,0,0,0,12,1
ENG-Premier League,2425,Newcastle Utd,Miguel Almirón,PAR,FW,30,1994,1.7,81,1,10,35,36,9,81,2,1,50.0,1,50.0,54,284,93,3,3,2,0,2,59,18
ENG-Premier League,2425,Newcastle Utd,Nick Pope,ENG,GK,32,1992,28.0,872,688,857,15,0,0,872,0,0,,0,,439,2510,1708,0,0,0,0,1,305,0
ENG-Premier League,2425,Newcastle Utd,Sandro Tonali,ITA,MF,24,2000,29.2,1818,64,406,991,450,45,1818,37,20,54.1,14,37.8,979,5567,2334,37,40,6,30,23,1257,53
ENG-Premier League,2425,Newcastle Utd,Sean Longstaff,ENG,MF,26,1997,8.9,434,24,123,193,121,21,434,7,2,28.6,4,57.1,248,1176,429,4,10,2,9,7,308,22
ENG-Premier League,2425,Newcastle Utd,Sven Botman,NED,DF,24,2000,4.6,304,40,132,160,16,11,304,3,1,33.3,1,33.3,145,670,337,0,1,0,5,1,197,0
ENG-Premier League,2425,Newcastle Utd,Valentino Livramento,ENG,DF,21,2002,31.6,1964,119,619,894,482,41,1964,56,25,44.6,23,41.1,1023,6333,3316,83,42,13,32,39,1144,119
ENG-Premier League,2425,Newcastle Utd,William Osula,DEN,FW,20,2003,1.5,56,1,4,21,32,8,56,6,3,50.0,3,50.0,37,252,126,5,1,2,7,6,42,17
ENG-Premier League,2425,Nott'ham Forest,Anthony Elanga,SWE,"FW,MF",22,2002,27.8,1115,29,136,319,679,110,1115,83,25,30.1,39,47.0,600,4509,2544,102,45,48,79,43,764,229
ENG-Premier League,2425,Nott'ham Forest,Callum Hudson-Odoi,ENG,"FW,MF",23,2000,24.4,1035,16,117,338,605,74,1035,63,37,58.7,18,28.6,641,5345,3401,130,61,47,45,23,784,189
ENG-Premier League,2425,Nott'ham Forest,Chris Wood,NZL,FW,32,1991,32.9,770,40,89,361,322,105,767,13,4,30.8,8,61.5,376,1279,506,14,11,5,75,28,563,94
ENG-Premier League,2425,Nott'ham Forest,Danilo,BRA,"MF,FW",23,2001,3.1,150,8,54,85,13,0,150,6,3,50.0,3,50.0,54,237,61,2,0,0,6,0,87,1
ENG-Premier League,2425,Nott'ham Forest,Elliot Anderson,ENG,MF,21,2002,30.3,1832,102,424,891,547,72,1832,75,36,48.0,30,40.0,932,5071,2366,52,32,21,60,49,1089,95
ENG-Premier League,2425,Nott'ham Forest,Eric da Silva Moreira,GER,"MF,DF",18,2006,0.3,13,3,7,4,2,0,13,1,0,0.0,1,100.0,4,26,11,1,0,0,1,0,3,1
ENG-Premier League,2425,Nott'ham Forest,Harry Toffolo,ENG,DF,28,1995,1.5,88,9,32,22,34,2,88,0,0,,0,,17,57,23,0,0,0,0,0,30,4
ENG-Premier League,2425,Nott'ham Forest,Ibrahim Sangaré,CIV,MF,26,1997,6.6,407,26,110,247,52,7,407,1,0,0.0,1,100.0,171,759,283,1,2,0,5,4,236,4
ENG-Premier League,2425,Nott'ham Forest,James Ward-Prowse,ENG,MF,29,1994,4.4,205,13,49,115,45,1,205,0,0,,0,,92,407,170,1,3,0,3,3,115,3
ENG-Premier League,2425,Nott'ham Forest,Jota Silva,POR,"FW,MF",24,1999,9.5,357,19,83,104,181,46,357,34,10,29.4,15,44.1,175,1153,632,21,13,9,24,12,202,59
ENG-Premier League,2425,Nott'ham Forest,Matz Sels,BEL,GK,32,1992,38.0,1102,833,1082,20,0,0,1102,0,0,,0,,528,3230,1697,1,1,1,0,0,426,0
ENG-Premier League,2425,Nott'ham Forest,Morato,BRA,DF,23,2001,10.1,457,90,270,170,19,2,457,2,2,100.0,0,0.0,164,789,417,1,2,0,6,3,206,1
ENG-Premier League,2425,Nott'ham Forest,Morgan Gibbs-White,ENG,MF,24,2000,31.1,1626,35,185,830,636,92,1626,77,31,40.3,35,45.5,923,5093,2566,69,52,13,70,44,1226,136
ENG-Premier League,2425,Nott'ham Forest,Murillo,BRA,DF,22,2002,35.4,1918,421,989,840,105,24,1918,37,27,73.0,10,27.0,821,4254,2531,22,25,1,19,10,989,5
ENG-Premier League,2425,Nott'ham Forest,Neco Williams,WAL,DF,23,2001,28.8,1565,155,558,574,453,45,1565,46,18,39.1,19,41.3,650,3952,2169,68,28,16,36,21,744,103
ENG-Premier League,2425,Nott'ham Forest,Nicolás Domínguez,ARG,"MF,FW",26,1998,21.8,1218,78,303,630,295,33,1218,9,3,33.3,4,44.4,471,1863,924,16,14,2,23,12,676,33
ENG-Premier League,2425,Nott'ham Forest,Nikola Milenković,SRB,DF,26,1997,37.0,1412,257,775,552,89,64,1412,1,1,100.0,0,0.0,547,2345,1116,3,3,2,4,2,727,6
ENG-Premier League,2425,Nott'ham Forest,Ola Aina,NGA,DF,27,1996,33.3,1708,156,613,717,409,22,1708,72,33,45.8,27,37.5,749,4798,2787,67,46,10,44,22,823,67
ENG-Premier League,2425,Nott'ham Forest,Ramón Sosa,PAR,"FW,MF",24,1999,3.3,154,6,36,48,77,15,154,13,8,61.5,5,38.5,75,601,333,12,7,5,6,5,81,17
ENG-Premier League,2425,Nott'ham Forest,Ryan Yates,ENG,MF,26,1997,21.3,1041,80,276,510,266,41,1041,18,9,50.0,5,27.8,424,2057,934,18,18,1,24,18,545,16
ENG-Premier League,2425,Nott'ham Forest,Taiwo Awoniyi,NGA,FW,26,1997,4.6,167,5,16,78,74,21,167,9,4,44.4,5,55.6,90,402,183,6,5,2,19,19,113,20
ENG-Premier League,2425,Nott'ham Forest,Willy Boly,CIV,DF,33,1991,1.7,97,22,63,32,2,1,97,0,0,,0,,35,128,45,0,0,0,1,0,46,0
ENG-Premier League,2425,Nott'ham Forest,Álex Moreno,ESP,"DF,MF",31,1993,10.6,559,60,210,202,158,8,559,21,8,38.1,8,38.1,229,1470,864,26,16,4,13,6,258,34
ENG-Premier League,2425,Southampton,Aaron Ramsdale,ENG,GK,26,1998,30.0,1314,946,1286,32,0,0,1314,0,0,,0,,786,4017,2349,0,0,0,3,0,702,0
ENG-Premier League,2425,Southampton,Adam Armstrong,ENG,"FW,MF",27,1997,13.9,377,11,44,143,192,49,376,14,6,42.9,8,57.1,235,1324,599,25,13,6,11,18,286,79
ENG-Premier League,2425,Southampton,Adam Lallana,ENG,MF,36,1988,4.0,318,19,91,155,73,6,318,12,5,41.7,5,41.7,178,831,366,6,8,0,10,6,245,10
ENG-Premier League,2425,Southampton,Albert Grønbaek,DEN,"FW,MF",23,2001,1.6,38,2,9,14,15,2,38,4,0,0.0,4,100.0,18,79,15,1,0,1,5,4,21,3
ENG-Premier League,2425,Southampton,Alex McCarthy,ENG,GK,34,1989,5.0,173,141,173,0,0,0,173,0,0,,0,,100,452,276,0,0,0,0,0,88,0
ENG-Premier League,2425,Southampton,Armel Bella Kotchap,GER,DF,22,2001,3.7,263,33,147,115,3,1,263,1,0,0.0,1,100.0,186,936,326,0,0,0,1,0,192,0
ENG-Premier League,2425,Southampton,Ben Brereton,CHI,FW,25,1999,5.0,206,4,19,76,112,20,206,4,1,25.0,2,50.0,136,791,394,12,13,4,9,4,171,42
ENG-Premier League,2425,Southampton,Cameron Archer,ENG,FW,23,2001,16.0,398,16,69,179,154,52,397,37,15,40.5,20,54.1,226,1182,564,22,10,14,40,26,274,66
ENG-Premier League,2425,Southampton,Carlos Alcaraz,ARG,MF,21,2002,0.1,17,0,1,8,9,2,17,2,0,0.0,2,100.0,12,112,98,4,1,0,0,0,12,1
ENG-Premier League,2425,Southampton,Charlie Taylor,ENG,DF,30,1993,4.0,279,35,121,120,39,2,279,2,2,100.0,0,0.0,116,500,187,3,3,0,1,1,172,7
ENG-Premier League,2425,Southampton,Flynn Downes,ENG,MF,25,1999,23.9,1339,99,403,719,227,21,1339,20,8,40.0,8,40.0,641,3520,1826,29,21,4,15,17,945,29
ENG-Premier League,2425,Southampton,Jack Stephens,ENG,DF,30,1994,15.4,1097,128,461,543,97,11,1097,4,0,0.0,4,100.0,631,2996,1407,14,12,1,3,3,783,2
ENG-Premier League,2425,Southampton,James Bree,ENG,DF,26,1997,11.9,694,49,221,308,170,11,694,8,4,50.0,2,25.0,363,1586,808,13,12,1,9,5,443,43
ENG-Premier League,2425,Southampton,Jan Bednarek,POL,DF,28,1996,28.1,2049,386,1091,924,41,15,2049,3,3,100.0,0,0.0,1046,3845,1742,5,5,1,9,3,1307,2
ENG-Premier League,2425,Southampton,Jay Robinson,ENG,"MF,FW",17,2007,1.5,54,4,15,18,22,5,54,11,6,54.5,5,45.5,33,188,92,3,2,1,1,6,29,10
ENG-Premier League,2425,Southampton,Joachim Kayi Sanda,FRA,DF,17,2006,0.2,19,1,8,10,1,1,19,0,0,,0,,14,63,35,0,0,0,1,0,15,0
ENG-Premier League,2425,Southampton,Joe Aribo,NGA,"MF,DF",28,1996,22.4,1271,52,313,670,299,44,1271,49,21,42.9,22,44.9,745,4068,2021,36,29,12,27,19,925,65
ENG-Premier League,2425,Southampton,Joe Lumley,ENG,GK,29,1995,3.0,164,116,161,3,0,0,164,0,0,,0,,103,476,296,0,0,0,0,0,108,0
ENG-Premier League,2425,Southampton,Kamaldeen Sulemana,GHA,"FW,MF",22,2002,15.6,587,17,92,219,301,59,587,103,39,37.9,56,54.4,380,3283,1620,63,37,28,50,25,410,87
ENG-Premier League,2425,Southampton,Kyle Walker-Peters,ENG,DF,27,1997,32.4,2022,151,615,884,540,59,2022,92,38,41.3,39,42.4,1271,7917,4373,114,72,24,32,39,1433,144
ENG-Premier League,2425,Southampton,Lesley Ugochukwu,FRA,MF,20,2004,18.4,879,50,215,501,169,24,879,28,19,67.9,8,28.6,479,2565,1229,29,15,6,12,13,600,20
ENG-Premier League,2425,Southampton,Mateus Fernandes,POR,MF,20,2004,32.3,1760,72,385,867,547,49,1760,109,49,45.0,49,45.0,897,5736,3143,76,70,9,58,36,1077,108
ENG-Premier League,2425,Southampton,Maxwel Cornet,CIV,FW,27,1996,0.8,34,1,8,14,13,2,34,1,0,0.0,1,100.0,16,73,26,1,0,1,3,0,23,5
ENG-Premier League,2425,Southampton,Nathan Wood-Gordon,ENG,DF,22,2002,8.6,564,75,282,255,28,3,564,6,4,66.7,1,16.7,313,1352,535,2,6,0,5,1,419,0
ENG-Premier League,2425,Southampton,Paul Onuachu,NGA,FW,30,1994,11.7,440,17,45,235,163,67,440,26,8,30.8,14,53.8,214,857,248,7,5,2,50,36,358,40
ENG-Premier League,2425,Southampton,Ronnie Edwards,ENG,DF,21,2003,0.1,6,3,4,2,0,0,6,0,0,,0,,3,10,0,0,0,0,0,0,5,0
ENG-Premier League,2425,Southampton,Ross Stewart,SCO,FW,28,1996,4.3,140,9,25,55,62,15,140,5,3,60.0,2,40.0,64,298,81,3,0,4,7,9,100,10
ENG-Premier League,2425,Southampton,Ryan Fraser,SCO,"FW,DF",30,1994,3.4,131,12,45,50,37,3,131,3,2,66.7,1,33.3,74,492,252,10,5,2,4,2,94,18
ENG-Premier League,2425,Southampton,Ryan Manning,IRL,"DF,MF",28,1996,16.2,968,72,260,397,321,22,968,36,11,30.6,16,44.4,483,2023,982,14,13,4,17,5,573,74
ENG-Premier League,2425,Southampton,Samuel Amo-Ameyaw,ENG,"FW,DF",18,2006,0.3,16,0,5,5,7,1,16,4,0,0.0,3,75.0,11,98,68,1,0,1,0,2,11,3
ENG-Premier League,2425,Southampton,Samuel Edozie,ENG,"DF,FW",21,2003,0.7,43,0,0,7,36,10,43,4,2,50.0,2,50.0,34,336,197,6,2,4,4,0,39,23
ENG-Premier League,2425,Southampton,Taylor Harwood-Bellis,ENG,DF,22,2002,31.4,2475,340,1158,1145,182,42,2475,3,3,100.0,0,0.0,1433,6776,3938,29,27,0,16,5,1792,9
ENG-Premier League,2425,Southampton,Tyler Dibling,ENG,"FW,MF",18,2006,20.8,868,27,129,390,369,41,868,110,45,40.9,43,39.1,558,4418,2215,69,50,26,44,55,651,96
ENG-Premier League,2425,Southampton,Welington,BRA,DF,23,2001,5.4,276,31,113,102,64,3,276,9,5,55.6,3,33.3,100,389,197,5,4,1,9,4,120,19
ENG-Premier League,2425,Southampton,William Smallbone,IRL,MF,24,2000,7.7,431,17,83,213,139,17,431,6,4,66.7,2,33.3,193,787,397,5,9,1,12,6,262,25
ENG-Premier League,2425,Southampton,Yukinari Sugawara,JPN,"DF,MF",24,2000,17.3,1066,67,327,410,334,29,1066,20,9,45.0,10,50.0,564,2569,1384,33,16,7,18,5,709,78
ENG-Premier League,2425,Tottenham,Alfie Dorrington,ENG,DF,19,2005,0.2,16,0,11,5,0,0,16,0,0,,0,,12,61,26,0,0,0,0,0,13,0
ENG-Premier League,2425,Tottenham,Antonín Kinský,CZE,GK,21,2003,6.0,237,205,234,3,0,0,237,0,0,,0,,144,760,491,1,0,0,0,0,126,0
ENG-Premier League,2425,Tottenham,Archie Gray,ENG,"DF,MF",18,2006,19.5,1286,150,609,582,106,3,1286,13,7,53.8,5,38.5,878,4023,1678,7,5,0,12,11,941,17
ENG-Premier League,2425,Tottenham,Ben Davies,WAL,DF,31,1993,14.8,1186,215,643,495,48,13,1186,1,1,100.0,0,0.0,664,3255,1824,14,10,0,5,0,781,6
ENG-Premier League,2425,Tottenham,Brandon Austin,ENG,GK,25,1999,1.0,36,30,36,0,0,0,36,0,0,,0,,22,104,46,0,0,0,0,0,16,0
ENG-Premier League,2425,Tottenham,Brennan Johnson,WAL,FW,23,2001,24.2,853,18,98,292,475,125,853,44,19,43.2,22,50.0,544,2939,1460,60,23,35,26,17,626,197
ENG-Premier League,2425,Tottenham,Cristian Romero,ARG,DF,26,1998,15.7,1377,157,594,720,74,23,1377,4,1,25.0,2,50.0,896,4702,2893,12,18,0,10,5,936,3
ENG-Premier League,2425,Tottenham,Dane Scarlett,ENG,"FW,MF",20,2004,0.4,9,1,3,5,1,1,9,0,0,,0,,5,66,33,1,0,0,0,1,4,1
ENG-Premier League,2425,Tottenham,Dejan Kulusevski,SWE,"MF,FW",24,2000,26.5,1276,24,149,432,719,158,1276,117,38,32.5,71,60.7,823,6157,3208,120,67,40,77,74,895,210
ENG-Premier League,2425,Tottenham,Destiny Udogie,ITA,DF,21,2002,21.4,1376,63,394,609,389,49,1376,32,13,40.6,16,50.0,758,4340,2352,54,40,12,37,19,819,94
ENG-Premier League,2425,Tottenham,Djed Spence,ENG,DF,23,2000,19.9,1428,81,500,641,309,25,1428,76,38,50.0,31,40.8,794,4661,2481,59,44,7,28,33,872,70
ENG-Premier League,2425,Tottenham,Dominic Solanke,ENG,FW,26,1997,24.5,655,33,74,299,288,112,654,51,17,33.3,31,60.8,385,2126,848,31,23,14,69,51,459,88
ENG-Premier League,2425,Tottenham,Fraser Forster,ENG,GK,36,1988,7.0,228,212,228,0,0,0,228,1,1,100.0,0,0.0,113,501,264,0,0,0,1,0,94,0
ENG-Premier League,2425,Tottenham,Guglielmo Vicario,ITA,GK,27,1996,24.0,928,626,910,18,0,0,928,1,1,100.0,0,0.0,661,3067,1700,0,0,0,0,0,597,0
ENG-Premier League,2425,Tottenham,James Maddison,ENG,MF,27,1996,20.1,1464,26,210,691,576,77,1464,77,33,42.9,34,44.2,1026,5128,2279,45,39,20,23,25,1125,95
ENG-Premier League,2425,Tottenham,Kevin Danso,AUT,DF,25,1998,9.4,676,108,394,257,29,8,676,3,2,66.7,1,33.3,448,2428,1195,11,5,1,8,3,475,1
ENG-Premier League,2425,Tottenham,Lucas Bergvall,SWE,MF,18,2006,13.5,885,36,188,478,232,22,885,45,21,46.7,20,44.4,531,3392,1634,33,21,4,20,19,586,31
ENG-Premier League,2425,Tottenham,Mathys Tel,FRA,FW,19,2005,10.1,414,9,58,150,217,40,413,53,15,28.3,31,58.5,266,1578,805,28,23,11,28,15,279,72
ENG-Premier League,2425,Tottenham,Micky van de Ven,NED,DF,23,2001,11.3,895,110,460,408,36,9,895,8,4,50.0,4,50.0,620,2883,1407,8,10,1,5,5,651,1
ENG-Premier League,2425,Tottenham,Mikey Moore,ENG,FW,16,2007,4.1,142,4,17,43,83,13,142,17,2,11.8,13,76.5,106,781,374,12,6,5,10,7,107,40
ENG-Premier League,2425,Tottenham,Pape Matar Sarr,SEN,MF,21,2002,21.3,1253,47,274,699,302,28,1253,30,11,36.7,16,53.3,772,4547,1918,33,37,5,29,22,872,53
ENG-Premier League,2425,Tottenham,Pedro Porro,ESP,DF,24,1999,29.0,2237,128,675,812,763,32,2237,40,14,35.0,24,60.0,1187,5444,2841,65,43,5,25,18,1291,109
ENG-Premier League,2425,Tottenham,Radu Drăgușin,ROU,DF,22,2002,13.9,961,148,510,430,30,12,961,2,0,0.0,0,0.0,623,3349,1666,7,3,0,8,2,669,2
ENG-Premier League,2425,Tottenham,Richarlison,BRA,FW,27,1997,5.6,173,8,21,89,64,29,173,16,1,6.3,14,87.5,89,424,168,8,8,3,9,8,120,22
ENG-Premier League,2425,Tottenham,Rodrigo Bentancur,URU,MF,27,1997,18.3,1302,76,323,774,216,24,1302,19,9,47.4,8,42.1,764,3568,1502,28,24,5,19,20,848,34
ENG-Premier League,2425,Tottenham,Sergio Reguilón,ESP,DF,27,1996,2.2,167,9,57,73,38,3,167,6,2,33.3,1,16.7,88,383,233,5,2,1,2,1,97,12
ENG-Premier League,2425,Tottenham,Son Heung-min,KOR,FW,32,1992,23.4,1134,16,115,362,668,122,1132,83,29,34.9,41,49.4,761,4914,2613,96,49,44,25,32,867,265
ENG-Premier League,2425,Tottenham,Timo Werner,GER,"FW,MF",28,1996,5.7,298,8,24,78,203,33,298,19,10,52.6,8,42.1,215,1768,1062,42,24,18,14,6,227,89
ENG-Premier League,2425,Tottenham,Will Lankshear,ENG,"FW,MF",19,2005,0.1,3,0,0,2,1,0,3,0,0,,0,,3,3,0,0,0,0,2,0,3,1
ENG-Premier League,2425,Tottenham,Wilson Odobert,FRA,"FW,MF",19,2004,9.4,381,7,46,142,197,35,381,32,12,37.5,17,53.1,265,1949,1146,45,25,18,21,17,273,66
ENG-Premier League,2425,Tottenham,Yves Bissouma,MLI,MF,27,1996,15.6,1039,71,304,584,159,5,1039,22,7,31.8,15,68.2,610,3602,1611,15,17,0,25,15,704,3
ENG-Premier League,2425,West Ham,Aaron Cresswell,ENG,DF,34,1989,9.2,687,45,270,328,94,2,687,2,1,50.0,1,50.0,291,1102,526,6,8,0,4,0,437,4
ENG-Premier League,2425,West Ham,Aaron Wan-Bissaka,ENG,DF,26,1997,35.0,2256,147,682,969,637,48,2256,122,64,52.5,43,35.2,1092,6700,3661,110,65,15,35,22,1322,167
ENG-Premier League,2425,West Ham,Alphonse Areola,FRA,GK,31,1993,25.1,1049,833,1038,12,0,0,1049,0,0,,0,,601,2480,1348,0,0,0,0,0,555,0
ENG-Premier League,2425,West Ham,Andy Irving,SCO,MF,24,2000,1.8,150,7,37,89,24,0,150,1,1,100.0,0,0.0,73,305,137,0,1,0,1,3,104,4
ENG-Premier League,2425,West Ham,Carlos Soler,ESP,"MF,FW",27,1997,15.7,794,27,180,409,210,26,794,18,8,44.4,9,50.0,367,1806,783,17,17,4,14,14,539,37
ENG-Premier League,2425,West Ham,Crysencio Summerville,NED,"FW,MF",22,2001,8.7,372,9,47,147,181,38,372,39,13,33.3,18,46.2,207,1463,762,29,15,13,20,16,259,71
ENG-Premier League,2425,West Ham,Danny Ings,ENG,"FW,MF",32,1992,3.2,139,2,15,51,73,27,139,7,4,57.1,2,28.6,63,324,118,6,0,2,6,6,96,29
ENG-Premier League,2425,West Ham,Edson Álvarez,MEX,MF,26,1997,19.7,1239,67,361,693,194,12,1239,33,14,42.4,14,42.4,687,3783,1714,24,22,2,27,15,830,18
ENG-Premier League,2425,West Ham,Emerson Palmieri,ITA,DF,29,1994,23.5,1325,82,422,559,359,28,1325,30,10,33.3,17,56.7,555,3013,1737,47,25,9,24,7,747,83
ENG-Premier League,2425,West Ham,Evan Ferguson,IRL,FW,19,2004,1.7,66,1,6,30,31,10,66,5,3,60.0,2,40.0,31,123,41,1,1,1,8,5,42,7
ENG-Premier League,2425,West Ham,Guido Rodríguez,ARG,MF,30,1994,12.8,709,54,223,423,64,5,709,6,3,50.0,1,16.7,327,1167,481,4,5,2,4,7,408,7
ENG-Premier League,2425,West Ham,James Ward-Prowse,ENG,MF,29,1994,11.5,849,30,180,513,158,11,849,5,2,40.0,3,60.0,427,1999,845,11,16,0,3,6,593,9
ENG-Premier League,2425,West Ham,Jarrod Bowen,ENG,"FW,MF",27,1996,33.0,1252,28,132,466,678,171,1251,130,44,33.8,76,58.5,741,5306,2501,109,46,61,70,77,834,212
ENG-Premier League,2425,West Ham,Jean-Clair Todibo,FRA,DF,24,1999,20.3,1297,165,716,543,47,11,1297,16,9,56.3,7,43.8,760,3221,1602,9,5,0,14,11,890,5
ENG-Premier League,2425,West Ham,Kaelan Casey,ENG,DF,19,2004,0.0,1,1,1,0,0,0,1,0,0,,0,,0,0,0,0,0,0,0,0,0,0
ENG-Premier League,2425,West Ham,Konstantinos Mavropanos,GRE,DF,26,1997,22.7,1532,244,806,671,63,24,1532,17,9,52.9,5,29.4,864,4287,2292,17,10,1,12,0,1008,2
ENG-Premier League,2425,West Ham,Lewis Orford,ENG,MF,18,2006,0.5,42,1,8,28,7,2,42,0,0,,0,,22,98,27,0,0,0,1,0,31,1
ENG-Premier League,2425,West Ham,Lucas Paquetá,BRA,"MF,FW",26,1997,26.4,1796,62,367,989,454,59,1794,47,21,44.7,21,44.7,921,3358,1416,26,34,2,54,51,1268,85
ENG-Premier League,2425,West Ham,Luis Guilherme,BRA,"MF,FW",18,2006,1.7,99,3,19,40,41,5,99,13,7,53.8,4,30.8,51,383,165,4,3,1,4,3,69,16
ENG-Premier League,2425,West Ham,Max Kilman,ENG,DF,27,1997,37.2,2374,464,1317,962,113,32,2374,22,16,72.7,2,9.1,1270,5672,3185,31,14,2,17,4,1581,6
ENG-Premier League,2425,West Ham,Michail Antonio,JAM,FW,34,1990,9.3,296,3,26,124,151,36,296,27,9,33.3,13,48.1,173,1177,695,29,13,9,35,19,221,59
ENG-Premier League,2425,West Ham,Mohammed Kudus,GHA,"FW,MF",23,2000,28.8,1274,13,171,536,612,127,1274,208,92,44.2,98,47.1,842,5574,2613,98,59,42,77,93,989,216
ENG-Premier League,2425,West Ham,Niclas Füllkrug,GER,FW,31,1993,8.8,277,19,27,142,110,40,277,8,1,12.5,6,75.0,123,435,215,7,4,2,18,7,205,31
ENG-Premier League,2425,West Ham,Oliver Scarles,ENG,"DF,FW",18,2005,7.4,466,32,159,179,133,9,466,7,2,28.6,5,71.4,219,871,483,12,9,2,12,3,272,44
ENG-Premier League,2425,West Ham,Tomáš Souček,CZE,MF,29,1995,28.5,1280,128,355,626,303,102,1280,12,6,50.0,6,50.0,506,1553,559,9,12,3,20,15,764,68
ENG-Premier League,2425,West Ham,Vladimír Coufal,CZE,DF,31,1992,11.9,736,61,262,318,159,14,736,15,5,33.3,7,46.7,298,1754,888,26,10,2,12,8,400,33
ENG-Premier League,2425,West Ham,Łukasz Fabiański,POL,GK,39,1985,12.9,530,414,525,5,0,0,530,3,3,100.0,0,0.0,285,1485,890,0,0,0,0,0,248,0
ENG-Premier League,2425,Wolves,Alfie Pond,ENG,DF,20,2004,0.0,1,0,0,1,0,0,1,0,0,,0,,1,2,2,0,0,0,0,0,1,0
ENG-Premier League,2425,Wolves,André,BRA,MF,23,2001,27.5,1623,89,439,1046,155,3,1623,32,16,50.0,12,37.5,912,3764,1688,10,17,0,30,21,1093,11
ENG-Premier League,2425,Wolves,Boubacar Traoré,MLI,MF,22,2001,0.0,2,0,0,2,0,0,2,0,0,,0,,0,0,0,0,0,0,0,0,0,0
ENG-Premier League,2425,Wolves,Carlos Forbs,POR,"MF,FW",20,2004,2.7,121,3,23,39,60,13,121,12,7,58.3,5,41.7,75,468,321,10,3,8,7,4,85,28
ENG-Premier League,2425,Wolves,Chiquinho,POR,MF,24,2000,0.1,3,0,0,1,2,1,3,0,0,,0,,1,13,5,0,0,0,0,0,2,0
ENG-Premier League,2425,Wolves,Craig Dawson,ENG,DF,34,1990,10.8,671,130,396,249,28,14,671,5,1,20.0,2,40.0,390,1819,938,6,1,0,2,0,443,5
ENG-Premier League,2425,Wolves,Daniel Bentley,ENG,GK,31,1993,2.0,69,50,68,1,0,0,69,0,0,,0,,39,218,134,0,0,0,0,0,26,0
ENG-Premier League,2425,Wolves,Daniel Podence,POR,"MF,FW",28,1995,0.5,20,0,2,11,7,0,20,2,2,100.0,0,0.0,13,77,43,1,1,0,0,0,17,3
ENG-Premier League,2425,Wolves,Emmanuel Agbadou,CIV,DF,27,1997,15.7,1172,190,649,504,28,7,1172,13,10,76.9,2,15.4,758,3670,1752,6,4,0,6,4,796,2
ENG-Premier League,2425,Wolves,Gonçalo Guedes,POR,"MF,FW",27,1996,11.1,484,6,49,199,250,40,484,28,9,32.1,15,53.6,304,2074,1056,41,27,8,38,18,337,79
ENG-Premier League,2425,Wolves,Hwang Hee-chan,KOR,"MF,FW",28,1996,7.3,271,10,42,105,126,24,271,14,2,14.3,12,85.7,159,989,448,15,5,7,14,10,181,42
ENG-Premier League,2425,Wolves,Jean-Ricner Bellegarde,FRA,"MF,FW",26,1998,18.6,843,24,148,394,318,48,843,61,14,23.0,31,50.8,528,3269,1573,52,38,11,42,29,592,89
ENG-Premier League,2425,Wolves,José Sá,POR,GK,31,1993,29.0,985,785,976,10,0,0,985,8,8,100.0,0,0.0,630,3790,2483,0,0,0,1,0,485,0
ENG-Premier League,2425,Wolves,João Gomes,BRA,MF,23,2001,33.0,1998,62,431,1105,491,45,1998,65,30,46.2,28,43.1,1059,6216,2843,59,51,6,43,51,1335,76
ENG-Premier League,2425,Wolves,Jørgen Strand Larsen,NOR,FW,24,2000,28.7,736,36,85,348,304,108,736,20,8,40.0,11,55.0,345,1194,464,17,14,9,90,34,534,112
ENG-Premier League,2425,Wolves,Mario Lemina,GAB,"MF,DF",30,1993,15.2,809,92,324,378,119,18,809,16,10,62.5,4,25.0,382,2068,1038,8,12,2,21,11,482,21
ENG-Premier League,2425,Wolves,Marshall Munetsi,ZIM,"MF,FW",28,1996,12.0,364,21,58,182,128,36,364,11,3,27.3,7,63.6,148,580,215,9,4,4,32,12,182,35
ENG-Premier League,2425,Wolves,Mateus Mane,,MF,,,0.0,6,0,0,6,0,0,6,0,0,,0,,2,22,7,0,0,0,0,0,4,0
ENG-Premier League,2425,Wolves,Matheus Cunha,BRA,"MF,FW",25,1999,28.9,1561,23,181,695,733,133,1560,137,61,44.5,61,44.5,904,6724,3336,112,95,41,80,55,1056,161
ENG-Premier League,2425,Wolves,Matt Doherty,IRL,DF,32,1992,23.4,1534,126,614,748,190,26,1534,21,11,52.4,7,33.3,825,3666,2176,29,20,4,11,5,982,41
ENG-Premier League,2425,Wolves,Nasser Djiga,BFA,DF,21,2002,0.7,58,2,17,39,2,0,58,0,0,,0,,32,108,37,0,1,0,1,2,35,2
ENG-Premier League,2425,Wolves,Nélson Semedo,POR,DF,30,1993,32.1,1717,123,483,788,467,27,1717,71,32,45.1,31,43.7,901,5223,2688,67,41,10,42,21,995,119
ENG-Premier League,2425,Wolves,Pablo Sarabia,ESP,"MF,FW",32,1992,9.0,552,4,58,271,226,24,552,15,6,40.0,7,46.7,325,1497,731,15,15,0,22,14,387,62
ENG-Premier League,2425,Wolves,Pedro Lima,BRA,DF,18,2006,0.8,48,0,9,12,28,3,48,3,1,33.3,2,66.7,22,120,83,4,3,1,1,0,30,11
ENG-Premier League,2425,Wolves,Rayan Aït-Nouri,ALG,DF,23,2001,34.5,2148,96,577,916,685,96,2148,137,63,46.0,56,40.9,1129,6166,3205,89,62,28,52,47,1321,176
ENG-Premier League,2425,Wolves,Rodrigo Gomes,POR,"DF,FW",21,2003,9.0,417,24,101,141,182,29,417,15,5,33.3,7,46.7,217,1388,805,23,18,7,21,9,246,81
ENG-Premier League,2425,Wolves,Sam Johnstone,ENG,GK,31,1993,7.0,306,229,304,2,0,0,306,0,0,,0,,196,1221,756,0,0,0,0,0,179,0
ENG-Premier League,2425,Wolves,Santiago Bueno,URU,DF,25,1998,18.7,1025,170,522,485,21,6,1025,4,0,0.0,4,100.0,555,2727,1430,1,2,0,2,2,660,1
ENG-Premier League,2425,Wolves,Tom King,WAL,GK,29,1995,0.0,1,1,1,0,0,0,1,0,0,,0,,1,8,5,0,0,0,0,0,0,0
ENG-Premier League,2425,Wolves,Tommy Doyle,ENG,MF,22,2001,5.4,463,22,128,258,80,4,463,9,5,55.6,1,11.1,260,1417,578,6,3,0,9,4,303,4
ENG-Premier League,2425,Wolves,Toti Gomes,POR,DF,25,1999,29.0,2027,217,942,1000,108,17,2027,32,20,62.5,10,31.3,1205,5793,3203,27,20,0,20,15,1387,18
ENG-Premier League,2425,Wolves,Yerson Mosquera,COL,DF,23,2001,4.9,294,43,170,115,12,7,294,0,0,,0,,168,683,322,0,1,0,4,1,182,0
